-- --------------------------------------------------------
-- Host:                         127.0.0.1
-- Server version:               5.6.21 - MySQL Community Server (GPL)
-- Server OS:                    Win32
-- HeidiSQL Version:             10.3.0.5771
-- --------------------------------------------------------

/*!40101 SET @OLD_CHARACTER_SET_CLIENT=@@CHARACTER_SET_CLIENT */;
/*!40101 SET NAMES utf8 */;
/*!50503 SET NAMES utf8mb4 */;
/*!40014 SET @OLD_FOREIGN_KEY_CHECKS=@@FOREIGN_KEY_CHECKS, FOREIGN_KEY_CHECKS=0 */;
/*!40101 SET @OLD_SQL_MODE=@@SQL_MODE, SQL_MODE='NO_AUTO_VALUE_ON_ZERO' */;

-- Dumping structure for table ijasah.about
DROP TABLE IF EXISTS `about`;
CREATE TABLE IF NOT EXISTS `about` (
  `id` tinyint(1) NOT NULL,
  `application` varchar(225) NOT NULL,
  `abbreviation` varchar(225) NOT NULL,
  `info` varchar(225) NOT NULL,
  `copyright` varchar(225) NOT NULL,
  `version` varchar(225) NOT NULL,
  `logo` varchar(225) DEFAULT NULL,
  `created` timestamp NOT NULL DEFAULT CURRENT_TIMESTAMP,
  `updated` timestamp NOT NULL DEFAULT CURRENT_TIMESTAMP ON UPDATE CURRENT_TIMESTAMP,
  `updated_by` varchar(225) DEFAULT NULL,
  PRIMARY KEY (`id`)
) ENGINE=InnoDB DEFAULT CHARSET=utf8mb4;

-- Dumping data for table ijasah.about: ~1 rows (approximately)
DELETE FROM `about`;
/*!40000 ALTER TABLE `about` DISABLE KEYS */;
INSERT INTO `about` (`id`, `application`, `abbreviation`, `info`, `copyright`, `version`, `logo`, `created`, `updated`, `updated_by`) VALUES
	(1, 'SMK N 1 BUKATEJA', 'SKANSIKA', 'This application is an application to set the subject of a diploma document, the purpose of making this application is to secure a diploma document as an archive of importance', 'SMK Negeri 1 Bukateja', '01.0.04', '730980530.jpg', '2019-08-29 06:56:36', '2019-11-03 13:27:33', 'Super Admin');
/*!40000 ALTER TABLE `about` ENABLE KEYS */;

-- Dumping structure for table ijasah.announcement
DROP TABLE IF EXISTS `announcement`;
CREATE TABLE IF NOT EXISTS `announcement` (
  `id` varchar(75) NOT NULL,
  `title` varchar(255) NOT NULL,
  `announcement` longtext NOT NULL,
  `created` timestamp NULL DEFAULT CURRENT_TIMESTAMP,
  `created_by` varchar(255) NOT NULL,
  `updated` timestamp NULL DEFAULT NULL ON UPDATE CURRENT_TIMESTAMP,
  `updated_by` varchar(255) NOT NULL,
  `is_active` tinyint(1) NOT NULL DEFAULT '0',
  PRIMARY KEY (`id`)
) ENGINE=InnoDB DEFAULT CHARSET=utf8mb4;

-- Dumping data for table ijasah.announcement: ~2 rows (approximately)
DELETE FROM `announcement`;
/*!40000 ALTER TABLE `announcement` DISABLE KEYS */;
INSERT INTO `announcement` (`id`, `title`, `announcement`, `created`, `created_by`, `updated`, `updated_by`, `is_active`) VALUES
	('5d9b50199a9f31570459673191007094753', 'Peresmian Mikrotik Akademi dengan PT. Integrasi Data Nusantara (IDN Networkers)', '<p>Peresmian Mikrotik Akademy SMK Negeri 1 Bukateja Alhamdulillah berjalan lancar, Pada Hari Jumat, 7 Desember 2018, secara resmi Mikrotik Akademi SMK Negeri 1 Bukateja diresmikan oleh Kepala Sekolah berkerja sama dengan koordinator Mikrotik Akademy Indonesia PT. Integrasi Data Nusantara (IDN Networkers) yang dalam hal ini diwakili oleh Trainer Mikrotik Indonesia Oky Tria Saputra, MTCINE.</p>\r\n\r\n<p>Salah satu rangkaian acara Peresmian Mikrotik Akademi adalah diberikannya Bantuan Router Mikrotik 20 perangkat, Serah Terima MoU Mikrotik dengan Sekolah, dan pemberian sertifikat trainer kepada Guru TKJ SMK Negeri 1 Bukateja Khafidz NH, S.Pd, S.Kom,dan acara dilanjutkan  dengan IHT dengan tema Mengenal Mikrotik Akademi Sertifikasi Internasional untuk Teknisi Jaringan oleh Trainer Mikrotik Oky Tria Saputra, MTCINE.</p>\r\n\r\n<p>Acara IHT berlangsung sangat meriah dihadiri oleh perwakilan siswa TKJ SMK Negeri 1 Bukateja berjumlah 75 Siswa dan Guru IT (TKJ, MM dan KKPI). Dalam hal ini Trainer Mikrotik Oky Tria S, <s><em><strong>MTCINE</strong></em></s> menyampaikan pentingnya sertifikasi dalam bidang IT selain kemampuan kompetensi sebagai salah satu  bukti tentang kompetensi yng dimiliki adalah dengan kepemiikan sertifikasi, Banyak sertfikasi dalam bidang IT, Salah Satunya sertifikasi Mikrotik yang diakui di dalam negeri  dan internasional sehingga siswa SMK yang telah mengantongi sertifikasi Mikrotik dapat digunakan juga untuk bekerja di luar negeri.</p>\r\n\r\n<p>Dengan adanya Mikrotik Akademi, maka sekolah telah bekerja sama dengan Mikrotik Latvia Negara di Eropa untuk melaksanakan Ujian Sertifikasi Internasional Mikrotik untuk level MTCNA di sekolah, jadi  ini menjadi keuntungan siswa TKJ SMK Negeri 1 Bukateja untuk mengambil sertifikasi internasional di sekolah dengan ujian online berbahasa inggris langsung dari Mikrotik. Mudah-mudahan dengan peresmian ini menjadikan siswa-siswi SMK Negeri 1 Bukateja khususnya kompetensi keahlian Teknik Komputer Jaringan menjadi lebih semangat untuk meraih cita-citanya</p>\r\n', '2019-10-07 14:47:53', 'Super Admin', '2019-11-18 10:12:01', 'Super Admin', 1),
	('5d9c44632cc071570522211191008031011', 'Kami akan membantu Anda', '<h3>&nbsp;</h3>\r\n\r\n<p><img alt="" src="https://img-prod-cms-rt-microsoft-com.akamaized.net/cms/api/am/imageFileData/RE3DEN7?ver=017a&amp;q=90&amp;h=40&amp;b=%23FFFFFFFF&amp;aim=true" /></p>\r\n\r\n<p>Bagikan dengan keluarga Anda</p>\r\n\r\n<p>Office 365 Home cocok untuk keluarga. Bagikan langganan Anda hingga dengan lima anggota keluarga lainnya.</p>\r\n\r\n<p><img alt="Icon_BuiltInAccessibility" src="https://img-prod-cms-rt-microsoft-com.akamaized.net/cms/api/am/imageFileData/RE3C42D?ver=8b02&amp;q=90&amp;h=40&amp;b=%23FFFFFFFF&amp;aim=true" /></p>\r\n\r\n<p>Aksesibilitas bawaan mempermudah akses Anda</p>\r\n\r\n<p>Office 365 sangat mendukung aksesibilitas bagi semua orang dengan peralatan yang akan membantu Anda melakukan yang terbaik.</p>\r\n\r\n<p><img alt="" src="https://img-prod-cms-rt-microsoft-com.akamaized.net/cms/api/am/imageFileData/RE3C9f6?ver=6555&amp;q=90&amp;h=40&amp;b=%23FFFFFFFF&amp;aim=true" /></p>\r\n\r\n<p>Selesaikan lebih banyak hal bersama-sama</p>\r\n\r\n<p>Lakukan penulisan bersama di Word, PowerPoint, dan OneNote, lalu bagikan dari dokumen Anda cukup dengan sekali klik.</p>\r\n\r\n<p><img alt="" src="https://img-prod-cms-rt-microsoft-com.akamaized.net/cms/api/am/imageFileData/RE3BR24?ver=b3b6&amp;q=90&amp;h=40&amp;b=%23FFFFFFFF&amp;aim=true" /></p>\r\n\r\n<p>Selalu diperbarui</p>\r\n\r\n<p>Dengan langganan aktif Office 365, Anda mendapatkan aplikasi, fitur, dan layanan Office terbaru.</p>\r\n\r\n<p><img alt="Icon_TechSupport" src="https://img-prod-cms-rt-microsoft-com.akamaized.net/cms/api/am/imageFileData/RE3BR28?ver=4ed2&amp;q=90&amp;h=40&amp;b=%23FFFFFFFF&amp;aim=true" /></p>\r\n\r\n<p>Akses ke dukungan teknis dari para pakar</p>\r\n\r\n<p>Membutuhkan bantuan? Setiap pelanggan Office 365 mendapatkan akses ke dukungan teknis dari pakar Microsoft yang terlatih.</p>\r\n\r\n<p><img alt="" src="https://img-prod-cms-rt-microsoft-com.akamaized.net/cms/api/am/imageFileData/RE3BR2b?ver=ec06&amp;q=90&amp;h=40&amp;b=%23FFFFFFFF&amp;aim=true" /></p>\r\n\r\n<p>Lindungi konten digital Anda</p>\r\n\r\n<p>Office 365 menyediakan perlindungan di seluruh perangkat, pencadangan yang mudah, serta autentikasi dua faktor.</p>\r\n', '2019-10-08 08:10:11', 'Super Admin', '2019-11-18 10:12:01', '', 0);
/*!40000 ALTER TABLE `announcement` ENABLE KEYS */;

-- Dumping structure for table ijasah.class
DROP TABLE IF EXISTS `class`;
CREATE TABLE IF NOT EXISTS `class` (
  `id` varchar(10) NOT NULL,
  `name` varchar(100) NOT NULL,
  `created` timestamp NOT NULL DEFAULT CURRENT_TIMESTAMP,
  `created_by` varchar(225) NOT NULL,
  `updated` timestamp NOT NULL DEFAULT '0000-00-00 00:00:00' ON UPDATE CURRENT_TIMESTAMP,
  `updated_by` varchar(225) DEFAULT NULL,
  PRIMARY KEY (`id`)
) ENGINE=InnoDB DEFAULT CHARSET=utf8mb4;

-- Dumping data for table ijasah.class: ~34 rows (approximately)
DELETE FROM `class`;
/*!40000 ALTER TABLE `class` DISABLE KEYS */;
INSERT INTO `class` (`id`, `name`, `created`, `created_by`, `updated`, `updated_by`) VALUES
	('1071565342', 'X TKJ 2', '2019-09-11 20:43:20', 'Super Admin', '0000-00-00 00:00:00', ''),
	('1139002976', 'XII DPIB-1', '2020-04-24 23:23:58', 'Super Admin', '0000-00-00 00:00:00', NULL),
	('1218884590', 'X TKR 2', '2019-09-17 22:22:28', 'Super Admin', '0000-00-00 00:00:00', ''),
	('124951618', 'X TKJ 1', '2019-09-11 20:43:15', 'Super Admin', '0000-00-00 00:00:00', ''),
	('1270758044', 'XII TKJ-2', '2020-04-24 23:25:42', 'Super Admin', '0000-00-00 00:00:00', NULL),
	('1333275141', 'XII TKJ-4', '2020-04-24 23:26:06', 'Super Admin', '0000-00-00 00:00:00', NULL),
	('1377224524', 'XII TKRO-1', '2020-04-24 23:24:49', 'Super Admin', '0000-00-00 00:00:00', NULL),
	('140848804', 'XII MM-1', '2020-04-24 23:26:19', 'Super Admin', '0000-00-00 00:00:00', NULL),
	('1514836432', 'X TKR 3', '2019-09-17 22:22:36', 'Super Admin', '0000-00-00 00:00:00', ''),
	('157266210', 'X TKR 4', '2019-09-17 22:22:41', 'Super Admin', '0000-00-00 00:00:00', ''),
	('1586309113', 'X TKR 5', '2019-09-17 22:22:48', 'Super Admin', '0000-00-00 00:00:00', ''),
	('1611842670', 'X TKJ 3', '2019-09-12 02:41:07', 'Super Admin', '2019-09-12 06:32:10', 'Super Admin'),
	('1627631355', 'X BB 1', '2019-09-17 22:25:16', 'Super Admin', '0000-00-00 00:00:00', ''),
	('1639858970', 'X MM 1', '2019-09-17 22:24:52', 'Super Admin', '0000-00-00 00:00:00', ''),
	('1698753116', 'XII TKRO-4', '2020-04-24 23:25:12', 'Super Admin', '0000-00-00 00:00:00', NULL),
	('1702684754', 'XII MM-2', '2020-04-24 23:26:25', 'Super Admin', '0000-00-00 00:00:00', NULL),
	('1814396759', 'XII DPIB-3', '2020-04-24 23:24:18', 'Super Admin', '0000-00-00 00:00:00', NULL),
	('1892834177', 'X TKJ 5', '2019-09-12 02:41:21', 'Super Admin', '0000-00-00 00:00:00', ''),
	('1919633112', 'X TGB 1', '2019-09-17 22:25:37', 'Super Admin', '0000-00-00 00:00:00', ''),
	('1980773608', 'X TKJ 4', '2019-09-12 02:41:12', 'Super Admin', '0000-00-00 00:00:00', ''),
	('208990928', 'XII TBS-2', '2020-04-24 23:24:36', 'Super Admin', '0000-00-00 00:00:00', NULL),
	('27982147', 'XII TKJ-5', '2020-04-24 23:26:14', 'Super Admin', '0000-00-00 00:00:00', NULL),
	('351034431', 'XII TKRO-2', '2020-04-24 23:24:57', 'Super Admin', '0000-00-00 00:00:00', NULL),
	('401582689', 'X TGB 3', '2019-09-17 22:25:59', 'Super Admin', '0000-00-00 00:00:00', ''),
	('578888240', 'XII TKRO-5', '2020-04-24 23:25:26', 'Super Admin', '0000-00-00 00:00:00', NULL),
	('637829977', 'XII DPIB-2', '2020-04-24 23:24:11', 'Super Admin', '0000-00-00 00:00:00', NULL),
	('72602164', 'X TKR  1', '2019-09-17 22:22:21', 'Super Admin', '0000-00-00 00:00:00', ''),
	('773257322', 'XII TBS-1', '2020-04-24 23:24:28', 'Super Admin', '0000-00-00 00:00:00', NULL),
	('790596259', 'XII TKJ-1', '2020-04-24 23:25:33', 'Super Admin', '0000-00-00 00:00:00', NULL),
	('815157090', 'XII TKRO-3', '2020-04-24 23:25:05', 'Super Admin', '0000-00-00 00:00:00', NULL),
	('850914603', 'X MM 2', '2019-09-17 22:25:04', 'Super Admin', '0000-00-00 00:00:00', ''),
	('912407370', 'X BB 2', '2019-09-17 22:25:24', 'Super Admin', '0000-00-00 00:00:00', ''),
	('94774840', 'XII TKJ-3', '2020-04-24 23:25:53', 'Super Admin', '0000-00-00 00:00:00', NULL),
	('953478360', 'X TGB 2', '2019-09-17 22:25:50', 'Super Admin', '0000-00-00 00:00:00', '');
/*!40000 ALTER TABLE `class` ENABLE KEYS */;

-- Dumping structure for table ijasah.group_user
DROP TABLE IF EXISTS `group_user`;
CREATE TABLE IF NOT EXISTS `group_user` (
  `id` int(11) NOT NULL AUTO_INCREMENT,
  `name` varchar(100) NOT NULL,
  `created_by` varchar(100) NOT NULL DEFAULT 'System',
  `created` timestamp NOT NULL DEFAULT '0000-00-00 00:00:00',
  `updated` timestamp NOT NULL DEFAULT CURRENT_TIMESTAMP ON UPDATE CURRENT_TIMESTAMP,
  `updated_by` varchar(100) NOT NULL,
  `is_active` tinyint(1) NOT NULL DEFAULT '1',
  PRIMARY KEY (`id`)
) ENGINE=InnoDB AUTO_INCREMENT=4 DEFAULT CHARSET=utf8mb4;

-- Dumping data for table ijasah.group_user: ~3 rows (approximately)
DELETE FROM `group_user`;
/*!40000 ALTER TABLE `group_user` DISABLE KEYS */;
INSERT INTO `group_user` (`id`, `name`, `created_by`, `created`, `updated`, `updated_by`, `is_active`) VALUES
	(1, 'Super Admin', 'System', '0000-00-00 00:00:00', '2019-09-03 03:53:24', '', 1),
	(2, 'Admin', 'System', '2019-08-21 06:02:16', '2019-08-27 23:47:42', '', 1),
	(3, 'User', 'System', '2019-08-21 05:35:09', '2019-09-12 06:06:11', '', 1);
/*!40000 ALTER TABLE `group_user` ENABLE KEYS */;

-- Dumping structure for table ijasah.menu
DROP TABLE IF EXISTS `menu`;
CREATE TABLE IF NOT EXISTS `menu` (
  `id` varchar(100) NOT NULL,
  `parent` varchar(100) DEFAULT NULL,
  `type` tinyint(1) NOT NULL,
  `name` varchar(100) NOT NULL,
  `controller` varchar(100) NOT NULL,
  `icon` varchar(100) NOT NULL,
  `url` varchar(100) NOT NULL,
  `created` timestamp NOT NULL DEFAULT '0000-00-00 00:00:00',
  `created_by` varchar(100) NOT NULL,
  `updated` timestamp NOT NULL DEFAULT CURRENT_TIMESTAMP ON UPDATE CURRENT_TIMESTAMP,
  `updated_by` varchar(100) NOT NULL,
  `is_active` tinyint(1) NOT NULL DEFAULT '1',
  PRIMARY KEY (`id`)
) ENGINE=InnoDB DEFAULT CHARSET=utf8mb4;

-- Dumping data for table ijasah.menu: ~15 rows (approximately)
DELETE FROM `menu`;
/*!40000 ALTER TABLE `menu` DISABLE KEYS */;
INSERT INTO `menu` (`id`, `parent`, `type`, `name`, `controller`, `icon`, `url`, `created`, `created_by`, `updated`, `updated_by`, `is_active`) VALUES
	('001', '', 1, 'Dashboard', 'dashboard', ' fa fa-th', 'dashboard', '2019-08-28 00:19:22', 'Super Admin', '2019-09-03 04:02:21', 'Super Admin', 1),
	('002', '', 1, 'SKL & ijazah ', 'ijazah', 'fa-file-text', 'ijazah', '2020-04-28 05:38:56', 'Super Admin', '2020-04-28 10:38:56', '', 1),
	('01', '', 2, 'Super Admin', '', 'fa fa-user-md', '', '2019-08-27 03:40:46', 'Super Admin', '2019-08-27 03:44:33', 'Super Admin', 1),
	('02', '', 1, 'User Manager', 'user', 'fa fa-user', 'user', '2019-08-27 03:46:15', 'Super Admin', '2019-09-11 07:29:51', 'Super Admin', 1),
	('03', '', 1, 'Access', '', 'fa fa-universal-access', '', '2019-08-27 03:49:37', 'Super Admin', '2019-08-27 03:49:37', '', 1),
	('03.01', '03', 1, 'Group', 'group', 'fa fa-users', 'group', '2019-08-27 03:51:01', 'Super Admin', '2019-08-27 03:51:01', '', 1),
	('03.02', '03', 1, 'Permission', 'permission', 'fa fa-lock', 'permission', '2019-08-27 03:57:17', 'Super Admin', '2019-08-27 03:57:17', '', 1),
	('04', '', 1, 'Settings', '', 'fa fa-cogs', '', '2019-08-27 04:49:45', 'Super Admin', '2019-08-27 04:49:45', '', 1),
	('04.01', '04', 1, 'Menu', 'menu', 'fa fa-server', 'menu', '2019-09-01 19:30:19', 'Super Admin', '2019-09-02 08:51:52', 'Super Admin', 1),
	('04.02', '04', 1, 'Announcement', 'announcement', 'fa fa-bullhorn', 'announcement', '2019-10-06 15:42:03', 'Super Admin', '2019-10-06 15:42:03', '', 1),
	('04.03', '04', 1, 'About App', 'about', 'fa fa-info', 'about', '2019-08-27 04:58:11', 'Super Admin', '2019-10-06 15:39:19', 'Super Admin', 1),
	('05', '', 2, 'Student', '', 'fa fa-graduation-cap', '', '2019-09-05 03:08:15', 'Super Admin', '2019-09-11 23:44:41', 'Super Admin', 1),
	('06', '', 1, 'Student Manager', 'student', 'fa fa-user-circle', 'student', '2019-09-05 03:09:53', 'Super Admin', '2019-09-11 23:47:26', 'Super Admin', 1),
	('07', '', 1, 'Class', 'classs', 'fa fa-users', 'classs', '2019-09-11 23:54:21', 'Super Admin', '2019-09-12 02:19:44', 'Super Admin', 1),
	('08', '', 1, 'School Year', 'year', 'fa fa-calendar-o', 'year', '2019-09-12 04:13:47', 'Super Admin', '2019-09-12 16:13:47', '', 1);
/*!40000 ALTER TABLE `menu` ENABLE KEYS */;

-- Dumping structure for table ijasah.permission
DROP TABLE IF EXISTS `permission`;
CREATE TABLE IF NOT EXISTS `permission` (
  `id` int(10) NOT NULL AUTO_INCREMENT,
  `id_menu` varchar(50) NOT NULL,
  `id_group` int(10) NOT NULL,
  `_create` varchar(1) NOT NULL DEFAULT '0',
  `_read` tinyint(1) NOT NULL,
  `_update` tinyint(1) NOT NULL,
  `_delet` tinyint(1) NOT NULL,
  `created` timestamp NOT NULL DEFAULT CURRENT_TIMESTAMP,
  `updated` timestamp NOT NULL DEFAULT CURRENT_TIMESTAMP ON UPDATE CURRENT_TIMESTAMP,
  `is_active` tinyint(1) NOT NULL,
  PRIMARY KEY (`id`)
) ENGINE=InnoDB AUTO_INCREMENT=354 DEFAULT CHARSET=utf8mb4;

-- Dumping data for table ijasah.permission: ~20 rows (approximately)
DELETE FROM `permission`;
/*!40000 ALTER TABLE `permission` DISABLE KEYS */;
INSERT INTO `permission` (`id`, `id_menu`, `id_group`, `_create`, `_read`, `_update`, `_delet`, `created`, `updated`, `is_active`) VALUES
	(318, '001', 2, '1', 1, 1, 1, '2019-09-12 23:46:52', '2019-09-12 23:46:52', 0),
	(319, '05', 2, '1', 1, 1, 1, '2019-09-12 23:46:52', '2019-09-12 23:46:52', 0),
	(320, '06', 2, '1', 1, 1, 1, '2019-09-12 23:46:52', '2019-09-12 23:46:52', 0),
	(321, '07', 2, '0', 1, 0, 0, '2019-09-12 23:46:52', '2019-09-12 23:46:52', 0),
	(335, '001', 1, '1', 1, 1, 1, '2019-10-06 15:42:35', '2019-10-06 15:42:35', 0),
	(336, '01', 1, '1', 1, 1, 1, '2019-10-06 15:42:35', '2019-10-06 15:42:35', 0),
	(337, '02', 1, '1', 1, 1, 1, '2019-10-06 15:42:35', '2019-10-06 15:42:35', 0),
	(338, '03', 1, '1', 1, 1, 1, '2019-10-06 15:42:35', '2019-10-06 15:42:35', 0),
	(339, '03.01', 1, '1', 1, 1, 1, '2019-10-06 15:42:35', '2019-10-06 15:42:35', 0),
	(340, '03.02', 1, '1', 1, 1, 1, '2019-10-06 15:42:35', '2019-10-06 15:42:35', 0),
	(341, '04', 1, '1', 1, 1, 1, '2019-10-06 15:42:35', '2019-10-06 15:42:35', 0),
	(342, '04.01', 1, '1', 1, 1, 1, '2019-10-06 15:42:35', '2019-10-06 15:42:35', 0),
	(343, '04.02', 1, '1', 1, 1, 1, '2019-10-06 15:42:35', '2019-10-06 15:42:35', 0),
	(344, '04.03', 1, '1', 1, 1, 1, '2019-10-06 15:42:35', '2019-10-06 15:42:35', 0),
	(345, '05', 1, '1', 1, 1, 1, '2019-10-06 15:42:35', '2019-10-06 15:42:35', 0),
	(346, '06', 1, '1', 1, 1, 1, '2019-10-06 15:42:35', '2019-10-06 15:42:35', 0),
	(347, '07', 1, '1', 1, 1, 1, '2019-10-06 15:42:35', '2019-10-06 15:42:35', 0),
	(348, '08', 1, '1', 1, 1, 1, '2019-10-06 15:42:35', '2019-10-06 15:42:35', 0),
	(352, '002', 3, '0', 1, 0, 0, '2020-04-28 10:51:19', '2020-04-28 10:51:19', 0),
	(353, '02', 3, '0', 1, 1, 0, '2020-04-28 10:51:19', '2020-04-28 10:51:19', 0);
/*!40000 ALTER TABLE `permission` ENABLE KEYS */;

-- Dumping structure for table ijasah.product
DROP TABLE IF EXISTS `product`;
CREATE TABLE IF NOT EXISTS `product` (
  `id` varchar(70) NOT NULL,
  `name` varchar(225) NOT NULL,
  `img1` varchar(225) NOT NULL,
  `img2` varchar(225) NOT NULL,
  `img3` varchar(225) NOT NULL,
  `harga` varchar(225) NOT NULL,
  `category` varchar(255) NOT NULL,
  `status` tinyint(4) NOT NULL,
  `created` timestamp NOT NULL DEFAULT CURRENT_TIMESTAMP,
  `created_by` varchar(225) NOT NULL,
  `updated` timestamp NOT NULL DEFAULT CURRENT_TIMESTAMP ON UPDATE CURRENT_TIMESTAMP,
  `updated_by` varchar(255) NOT NULL,
  PRIMARY KEY (`id`)
) ENGINE=InnoDB DEFAULT CHARSET=utf8mb4;

-- Dumping data for table ijasah.product: ~0 rows (approximately)
DELETE FROM `product`;
/*!40000 ALTER TABLE `product` DISABLE KEYS */;
/*!40000 ALTER TABLE `product` ENABLE KEYS */;

-- Dumping structure for table ijasah.student
DROP TABLE IF EXISTS `student`;
CREATE TABLE IF NOT EXISTS `student` (
  `id` varchar(30) NOT NULL,
  `nis` int(10) NOT NULL,
  `name` varchar(225) NOT NULL,
  `tgl_lahir` varchar(225) NOT NULL,
  `class` varchar(225) NOT NULL,
  `period` varchar(225) NOT NULL,
  `ijasah` varchar(225) DEFAULT NULL,
  `skl` varchar(225) DEFAULT NULL,
  `created_by` varchar(225) NOT NULL,
  `updated_by` varchar(225) DEFAULT NULL,
  PRIMARY KEY (`id`)
) ENGINE=InnoDB DEFAULT CHARSET=utf8mb4;

-- Dumping data for table ijasah.student: ~624 rows (approximately)
DELETE FROM `student`;
/*!40000 ALTER TABLE `student` DISABLE KEYS */;
INSERT INTO `student` (`id`, `nis`, `name`, `tgl_lahir`, `class`, `period`, `ijasah`, `skl`, `created_by`, `updated_by`) VALUES
	('10012487291587799817', 2262, 'KUNANG MISTAKHUL HIKMAH', '8/8/2002', '208990928', '708534124', NULL, NULL, 'Super Admin', NULL),
	('10029435601587799785', 4355, 'YULFA ISTIKHOLA', '1/8/2002', '1702684754', '708534124', NULL, NULL, 'Super Admin', NULL),
	('10049757811587799749', 4284, 'YUNDA UTAMI', '6/7/2002', '27982147', '708534124', NULL, NULL, 'Super Admin', NULL),
	('10068371771587799749', 4277, 'SETIANA NUR ROKHMAH', '8/20/2002', '27982147', '708534124', NULL, NULL, 'Super Admin', NULL),
	('10089256931587796938', 3744, 'ERLAN BAYU NAGARING', '21/01/2002', '1139002976', '708534124', NULL, NULL, 'Super Admin', NULL),
	('10229220251587799626', 4007, 'DHIMAS PRASETYO', '19/05/2001', '815157090', '708534124', NULL, NULL, 'Super Admin', NULL),
	('10253128141587799749', 4268, 'NASIYATUN NAFI\'AH', '9/8/2002', '27982147', '708534124', NULL, NULL, 'Super Admin', NULL),
	('10254174841574091419', 5341, 'KHOLISOTUL AFIDAH', '7/4/2002', '124951618', '1905180110', NULL, NULL, 'Super Admin', NULL),
	('10302285881587799772', 4285, 'AHMAD BAGUS CAHYO', '4/16/2002', '140848804', '708534124', NULL, NULL, 'Super Admin', NULL),
	('10334466291587799749', 4269, 'NUR AZIZAH', '2/1/2002', '27982147', '708534124', NULL, NULL, 'Super Admin', NULL),
	('10335749721587796938', 3764, 'ROHMAT MUZAKI', '29/07/2001', '1139002976', '708534124', NULL, NULL, 'Super Admin', NULL),
	('1041750821587799728', 4240, 'SALSABILA FITRIANSAH', '12/9/2002', '1333275141', '708534124', NULL, NULL, 'Super Admin', NULL),
	('10426643141587799772', 4298, 'FAJAR FIRMANSYAH', '1/6/2002', '140848804', '708534124', NULL, NULL, 'Super Admin', NULL),
	('10480290801587799534', 3935, 'DENDI RIZKI PRAWOTO', '18/12/2002', '1377224524', '708534124', NULL, NULL, 'Super Admin', NULL),
	('10491350811587799749', 4261, 'GILANG RAMADHAN', '11/12/2002', '27982147', '708534124', NULL, NULL, 'Super Admin', NULL),
	('10492369171587799715', 4181, 'ANIS ANJARWATI', '1/23/2003', '94774840', '708534124', NULL, NULL, 'Super Admin', NULL),
	('10629216941587799562', 3978, 'GUNTUR PRIYONO', '10/01/2002', '351034431', '708534124', NULL, NULL, 'Super Admin', NULL),
	('10649055451587799671', 4132, 'SANDRA NOFIANA', '11/2/1999', '790596259', '708534124', NULL, NULL, 'Super Admin', NULL),
	('10662801651587799785', 4323, 'ALIDA SAFITRI SETIA NINGSIH', '12/31/2001', '1702684754', '708534124', NULL, NULL, 'Super Admin', NULL),
	('10694915341587799716', 4206, 'SITI MAIMUNAH', '5/31/2002', '94774840', '708534124', NULL, NULL, 'Super Admin', NULL),
	('10858697671587799653', 4094, 'Oka Fajar Mahendra', '01/07/2001', '578888240', '708534124', NULL, NULL, 'Super Admin', NULL),
	('10861011201587799772', 4293, 'BAGUS HERMAWAN', '1/10/2002', '140848804', '708534124', NULL, NULL, 'Super Admin', NULL),
	('10894047501587799626', 4028, 'SOFIAN NUR ALI', '13/12/2001', '815157090', '708534124', NULL, NULL, 'Super Admin', NULL),
	('10929799191587799653', 4083, 'Fatkhul Nur Alif', '25/12/2001', '578888240', '708534124', NULL, NULL, 'Super Admin', NULL),
	('10931614751587799801', 3872, 'RISMA NURAENI', '9/8/2002', '773257322', '708534124', NULL, NULL, 'Super Admin', NULL),
	('10953329111587799686', 4153, 'HARDIYANTO', '1/28/2002', '1270758044', '708534124', NULL, NULL, 'Super Admin', NULL),
	('11006871621587799639', 4039, 'ARIF FURQON ISTAJIB', '26/10/2002', '1698753116', '708534124', NULL, NULL, 'Super Admin', NULL),
	('1114582631574091419', 5350, 'RIKE AVISYA PUTRI SAHARANI', '6/5/2002', '124951618', '1905180110', NULL, NULL, 'Super Admin', NULL),
	('11189487681587799506', 3836, 'SOFI SARAH SYARIFAH', '03/06/2001', '1814396759', '708534124', NULL, NULL, 'Super Admin', NULL),
	('11190040181587799715', 4186, 'ESPITA ANGGRAENI', '9/22/2002', '94774840', '708534124', NULL, NULL, 'Super Admin', NULL),
	('11202738441587799626', 4006, 'BONDAN PRASETYO', '18/02/2003', '815157090', '708534124', NULL, NULL, 'Super Admin', NULL),
	('11203319431587799639', 4067, 'WAHYU TRI SUBEKTI', '27/04/2002', '1698753116', '708534124', NULL, NULL, 'Super Admin', NULL),
	('11216358721587799626', 4010, 'FERI SUTRISNO', '18/06/2002', '815157090', '708534124', NULL, NULL, 'Super Admin', NULL),
	('11229050221587799489', 3801, 'SUGENG WIDODO', '28/07/2002', '637829977', '708534124', NULL, NULL, 'Super Admin', NULL),
	('11233178911587799653', 4087, 'IBNU TRI SASONGKO', '15/10/2001', '578888240', '708534124', NULL, NULL, 'Super Admin', NULL),
	('11259151091587799749', 4251, 'ANGGI NUR AMANDA', '2/16/2002', '27982147', '708534124', NULL, NULL, 'Super Admin', NULL),
	('11263507881587799626', 4023, 'OKTAVIAN HERMANTO', '16/10/2001', '815157090', '708534124', NULL, NULL, 'Super Admin', NULL),
	('11288821121587799817', 3916, 'SILVIA VERSA EVELIN', '9/26/2002', '208990928', '708534124', NULL, NULL, 'Super Admin', NULL),
	('11328969771587799715', 4190, 'IIN FITRI ISTIQOMAH', '12/22/2001', '94774840', '708534124', NULL, NULL, 'Super Admin', NULL),
	('1139094521587799506', 3815, 'FARIKAH JAKROTUL AKMAR', '21/01/2002', '1814396759', '708534124', NULL, NULL, 'Super Admin', NULL),
	('11401122361587799489', 3789, 'KHOERUL MUSTHOFA', '09/01/2002', '637829977', '708534124', NULL, NULL, 'Super Admin', NULL),
	('11415921641587799626', 4030, 'TRI SETIA AJI', '12/06/2002', '815157090', '708534124', NULL, NULL, 'Super Admin', NULL),
	('11429452311587799785', 4340, 'ITA HORIAH', '6/17/2001', '1702684754', '708534124', NULL, NULL, 'Super Admin', NULL),
	('11476874451587799506', 3816, 'Feka Rahmawan', '03/11/2001', '1814396759', '708534124', NULL, NULL, 'Super Admin', NULL),
	('11493070081587799671', 4105, 'ADITYA FADLI HERMAWAN', '9/8/2002', '790596259', '708534124', NULL, NULL, 'Super Admin', NULL),
	('11507394291587799671', 4127, 'NURUL AFIFAH', '2/2/2002', '790596259', '708534124', NULL, NULL, 'Super Admin', NULL),
	('11578715311587799785', 4343, 'MEILINDA ANGGRAENI', '5/21/2002', '1702684754', '708534124', NULL, NULL, 'Super Admin', NULL),
	('11622024931587799489', 3794, 'NOVITA AMARADANI', '27/11/2002', '637829977', '708534124', NULL, NULL, 'Super Admin', NULL),
	('11639223991587799626', 4003, 'ARY HANDOYO', '30/01/2002', '815157090', '708534124', NULL, NULL, 'Super Admin', NULL),
	('11653837961587799817', 3898, 'HANA DWI PRAMESTI', '2/20/2002', '208990928', '708534124', NULL, NULL, 'Super Admin', NULL),
	('11670924581574091419', 5340, 'HILMY HAIDAR', '3/17/2001', '124951618', '1905180110', NULL, NULL, 'Super Admin', NULL),
	('11672026701587799801', 3869, 'NOVITA REGINA PUTRI', '9/18/2001', '773257322', '708534124', NULL, NULL, 'Super Admin', NULL),
	('11730044531574091419', 5358, 'ZAENIL KHAFITA', '8/2/2001', '124951618', '1905180110', NULL, NULL, 'Super Admin', NULL),
	('11736498621587799801', 3849, 'DANIAR EKA ANDRIANI', '12/6/2001', '773257322', '708534124', NULL, NULL, 'Super Admin', NULL),
	('11747623931587799785', 4326, 'ARIEF NUR ALAMSYAH', '3/17/2002', '1702684754', '708534124', NULL, NULL, 'Super Admin', NULL),
	('11748667701587799772', 4286, 'AIZIZAH CAHYA FITRIANA', '12/5/2002', '140848804', '708534124', NULL, NULL, 'Super Admin', NULL),
	('1176313401587799534', 3951, 'RENDI SUHERMAN', '01/10/2002', '1377224524', '708534124', NULL, NULL, 'Super Admin', NULL),
	('11764119461587799817', 3917, 'SITI FATIMAH', '12/2/2002', '208990928', '708534124', NULL, NULL, 'Super Admin', NULL),
	('11800285161587799562', 3962, 'AFIK SETIAWAN', '13/10/2001', '351034431', '708534124', NULL, NULL, 'Super Admin', NULL),
	('11801172661587799817', 3914, 'SEPTI NURKHASANAH', '9/3/2002', '208990928', '708534124', NULL, NULL, 'Super Admin', NULL),
	('11974298361574091418', 5330, 'DIMAS EKO SAPUTRO', '7/1/2001', '124951618', '1905180110', NULL, NULL, 'Super Admin', NULL),
	('11988392421587799534', 3933, 'BAYU PERMANA PUTRA', '06/07/2002', '1377224524', '708534124', NULL, NULL, 'Super Admin', NULL),
	('12006533031587799716', 4198, 'NURFAITA ANGGRAENI', '3/29/2002', '94774840', '708534124', NULL, NULL, 'Super Admin', NULL),
	('12040299741587799749', 4279, 'SULIS', '6/5/2002', '27982147', '708534124', NULL, NULL, 'Super Admin', NULL),
	('1208890251587799534', 3958, 'UNTUNG TEGAR MULHIDAYAT', '15/05/2002', '1377224524', '708534124', NULL, NULL, 'Super Admin', NULL),
	('12115670221587799653', 4069, 'ADITIYA DWI NUGROHO', '17/06/2002', '578888240', '708534124', NULL, NULL, 'Super Admin', NULL),
	('12132427241587799785', 4354, 'WULAN NINGRUM EKA DEWI', '7/22/2002', '1702684754', '708534124', NULL, NULL, 'Super Admin', NULL),
	('12161180951587799785', 4338, 'ILHAM AKBAR TRIYANTO', '12/25/2001', '1702684754', '708534124', NULL, NULL, 'Super Admin', NULL),
	('12238852931587799801', 3850, 'DESTRISIA MADHANIAH', '12/15/2001', '773257322', '708534124', NULL, NULL, 'Super Admin', NULL),
	('12275669591587799772', 4296, 'ELMA TRIANA', '9/9/2001', '140848804', '708534124', NULL, NULL, 'Super Admin', NULL),
	('12329709951587799639', 4051, 'HIDAYAT NUR WAHID', '30/07/2001', '1698753116', '708534124', NULL, NULL, 'Super Admin', NULL),
	('12352128791574091418', 5328, 'ASIH EKA NURJANAH', '1/18/2002', '124951618', '1905180110', NULL, NULL, 'Super Admin', NULL),
	('12367294581587799562', 3081, 'INDRA SETIAWAN', '05/01/2001', '351034431', '708534124', NULL, NULL, 'Super Admin', NULL),
	('12388166131587799801', 3851, 'DINAR AMARSI', '4/8/2002', '773257322', '708534124', NULL, NULL, 'Super Admin', NULL),
	('12500347631587799785', 4321, 'ADITYA FERDINAN SYAH', '6/16/2002', '1702684754', '708534124', NULL, NULL, 'Super Admin', NULL),
	('12511704291587799772', 4305, 'KARTIKA PRIHATINI', '10/12/2000', '140848804', '708534124', NULL, NULL, 'Super Admin', NULL),
	('12569066571587799626', 4017, 'INGGAR DANI SAPUTRA', '30/05/2002', '815157090', '708534124', NULL, NULL, 'Super Admin', NULL),
	('12772615691587799489', 3791, 'Muhamad Faqih Yahya', '05/03/2003', '637829977', '708534124', NULL, NULL, 'Super Admin', NULL),
	('12817783101587799562', 3989, 'Risqi Satriyo', '15/02/2002', '351034431', '708534124', NULL, NULL, 'Super Admin', NULL),
	('12829056661587799671', 4112, 'DAYAT SULISTIO', '7/9/2001', '790596259', '708534124', NULL, NULL, 'Super Admin', NULL),
	('12847337241587799626', 4005, 'BANGGI WIDYA ZALDI', '15/12/2001', '815157090', '708534124', NULL, NULL, 'Super Admin', NULL),
	('12931809791587799653', 4088, 'IMAM ROFIKOH FAJAR SODIK', '24/03/2002', '578888240', '708534124', NULL, NULL, 'Super Admin', NULL),
	('12936273301587799817', 3900, 'ILDA ELYANA NUR AFINNI', '9/18/2002', '208990928', '708534124', NULL, NULL, 'Super Admin', NULL),
	('129509571574091419', 5335, 'FIJIL ALAMTORO', '4/15/2002', '124951618', '1905180110', NULL, NULL, 'Super Admin', NULL),
	('12990451901587799801', 3856, 'FITA LAILA ANGGRAINI', '12/7/2001', '773257322', '708534124', NULL, NULL, 'Super Admin', NULL),
	('13000338621587796938', 3735, 'ADE MUTIARA RISKI DEWI', '29/03/2002', '1139002976', '708534124', NULL, NULL, 'Super Admin', NULL),
	('13007132341587799772', 4316, 'SESI FEBRI GUSTIANI', '2/4/2002', '140848804', '708534124', NULL, NULL, 'Super Admin', NULL),
	('13053952431587799817', 3921, 'UGI WENINGRUM', '10/15/2001', '208990928', '708534124', NULL, NULL, 'Super Admin', NULL),
	('13086522771587799772', 4297, 'EVA WULANDARI', '1/12/2002', '140848804', '708534124', NULL, NULL, 'Super Admin', NULL),
	('131146731587799671', 4110, 'AUFA IMTI KHANAH', '7/13/2001', '790596259', '708534124', NULL, NULL, 'Super Admin', NULL),
	('13144625971587799749', 4280, 'SURATNO', '4/27/2002', '27982147', '708534124', NULL, NULL, 'Super Admin', NULL),
	('13145863091587799562', 3965, 'ANDRE ARDHI RIANSYAH', '11/09/2002', '351034431', '708534124', NULL, NULL, 'Super Admin', NULL),
	('13188505501587799785', 4341, 'KARIENA ARTAMEVYA LITZAHFARA', '7/23/2002', '1702684754', '708534124', NULL, NULL, 'Super Admin', NULL),
	('13226894051587799671', 4111, 'AWAL HASAN PRAYITNO', '6/25/2002', '790596259', '708534124', NULL, NULL, 'Super Admin', NULL),
	('13273714591587799639', 4033, 'ADE FAJAR RAHMAWAN', '19/01/2002', '1698753116', '708534124', NULL, NULL, 'Super Admin', NULL),
	('1336938791587799506', 3830, 'PUTRI ANTIKA', '30/01/2002', '1814396759', '708534124', NULL, NULL, 'Super Admin', NULL),
	('13369416671587799749', 4256, 'EFENDI MAULUDDIN', '6/10/2002', '27982147', '708534124', NULL, NULL, 'Super Admin', NULL),
	('13395110991587799801', 3862, 'LESTARI', '8/18/2002', '773257322', '708534124', NULL, NULL, 'Super Admin', NULL),
	('13417330211587799785', 4328, 'ASEP ABDUL ROCHMAN', '6/16/2002', '1702684754', '708534124', NULL, NULL, 'Super Admin', NULL),
	('13461621701587799562', 3987, 'OKI FIRMANSYAH', '27/10/2001', '351034431', '708534124', NULL, NULL, 'Super Admin', NULL),
	('13464298081587799489', 3783, 'FEBRI NUR FAJAR', '07/02/2000', '637829977', '708534124', NULL, NULL, 'Super Admin', NULL),
	('13522352611587799728', 4236, 'PUTRI AYU WULANDARI', '3/7/2002', '1333275141', '708534124', NULL, NULL, 'Super Admin', NULL),
	('13526072481587799801', 3857, 'HANIAH FEBRIANI', '2/24/2002', '773257322', '708534124', NULL, NULL, 'Super Admin', NULL),
	('13527652111587799716', 4211, 'WITA NUR RAHAYU', '8/11/2001', '94774840', '708534124', NULL, NULL, 'Super Admin', NULL),
	('13530982151587799772', 4309, 'NAFISATUL WAHIDAH', '2/7/2002', '140848804', '708534124', NULL, NULL, 'Super Admin', NULL),
	('135577061587799817', 3924, 'YERSI FATMAWATI', '6/15/2002', '208990928', '708534124', NULL, NULL, 'Super Admin', NULL),
	('13609611011587799562', 3977, 'GALIH NUR FITRIANTO', '19/12/2001', '351034431', '708534124', NULL, NULL, 'Super Admin', NULL),
	('13630807141587799639', 4040, 'ASHHAABUL KAHFI', '28/03/2002', '1698753116', '708534124', NULL, NULL, 'Super Admin', NULL),
	('13655803061587799749', 4270, 'NUR KHAFIFUDIN', '10/10/2001', '27982147', '708534124', NULL, NULL, 'Super Admin', NULL),
	('13658164211587799639', 4063, 'SETIAWAN', '26/08/2000', '1698753116', '708534124', NULL, NULL, 'Super Admin', NULL),
	('13661764101587799728', 4229, 'LUCKY DYANA ZAHRI', '6/26/2001', '1333275141', '708534124', NULL, NULL, 'Super Admin', NULL),
	('13664163941587799728', 4235, 'NURULLAH FAJAR PRAYOGA', '7/28/2002', '1333275141', '708534124', NULL, NULL, 'Super Admin', NULL),
	('13711617871587799728', 4228, 'LAELA OKTAFIANI', '10/15/2002', '1333275141', '708534124', NULL, NULL, 'Super Admin', NULL),
	('13779494941587799671', 4135, 'SYARIFATUN UMRIAH', '5/7/2002', '790596259', '708534124', NULL, NULL, 'Super Admin', NULL),
	('13831140231587799728', 4216, 'ANISA ZIANA AHLIAH AFDHOLIAH', '10/13/2000', '1333275141', '708534124', NULL, NULL, 'Super Admin', NULL),
	('13843622031587799653', 4086, 'HAFIDZ MAULANA', '12/05/2002', '578888240', '708534124', NULL, NULL, 'Super Admin', NULL),
	('1392580411587799626', 4015, 'HENDRIK SETIAWAN', '15/07/2002', '815157090', '708534124', NULL, NULL, 'Super Admin', NULL),
	('13968023941587799489', 3786, 'ILHAM NUR ARIFIN', '23/06/2002', '637829977', '708534124', NULL, NULL, 'Super Admin', NULL),
	('14018176841587799728', 4223, 'FIBRIANA MIFTAH HIDAYAT', '2/14/2002', '1333275141', '708534124', NULL, NULL, 'Super Admin', NULL),
	('14125096051587799716', 4208, 'TEGAR NOVANDA YUDA', '11/30/2002', '94774840', '708534124', NULL, NULL, 'Super Admin', NULL),
	('14128231511587799653', 4078, 'DEDI EGA PRAMMUKTI', '15/04/2002', '578888240', '708534124', NULL, NULL, 'Super Admin', NULL),
	('14210499061587799686', 4142, 'AFIF NUR VIANDITA', '9/13/2001', '1270758044', '708534124', NULL, NULL, 'Super Admin', NULL),
	('14218527541587799749', 4274, 'ROHYEVIANUDIN SETIAWAN', '11/12/2001', '27982147', '708534124', NULL, NULL, 'Super Admin', NULL),
	('14229686271587799653', 4100, 'SOVAN PUTRA YUDIARTA', '01/06/2002', '578888240', '708534124', NULL, NULL, 'Super Admin', NULL),
	('14251846521587799562', 3084, 'Mochamad Rizki', '28/04/2001', '351034431', '708534124', NULL, NULL, 'Super Admin', NULL),
	('14257128541587799506', 3810, 'ANDRE SUKMANA', '22/04/2002', '1814396759', '708534124', NULL, NULL, 'Super Admin', NULL),
	('14373631421587799785', 4332, 'ERIN NURJANAH', '1/29/2002', '1702684754', '708534124', NULL, NULL, 'Super Admin', NULL),
	('1437669291574091419', 5356, 'TOTO WIRANTO', '11/3/2000', '124951618', '1905180110', NULL, NULL, 'Super Admin', NULL),
	('14407800841587799772', 4308, 'MUHAMAD AMIR AL AMIEN', '9/29/2001', '140848804', '708534124', NULL, NULL, 'Super Admin', NULL),
	('14501217211587799772', 4294, 'DELIA NATALIE VALENTINA K', '12/22/2002', '140848804', '708534124', NULL, NULL, 'Super Admin', NULL),
	('14535558371587796938', 3739, 'ANGGUN NAFI KUSUMANING TYAS', '14/04/2003', '1139002976', '708534124', NULL, NULL, 'Super Admin', NULL),
	('14541952551587799715', 4195, 'MUHAMAD FAHRUR FAUZI', '11/4/2001', '94774840', '708534124', NULL, NULL, 'Super Admin', NULL),
	('14545179811587799639', 4058, 'NURSIAM', '21/12/1999', '1698753116', '708534124', NULL, NULL, 'Super Admin', NULL),
	('14635921341587796938', 3751, 'INDAH TRIANI', '25/10/2001', '1139002976', '708534124', NULL, NULL, 'Super Admin', NULL),
	('1464881081587799626', 4022, 'NUR ALIF PRAYOGI', '22/08/2002', '815157090', '708534124', NULL, NULL, 'Super Admin', NULL),
	('14738344911587799489', 3787, 'INDIRA ANGGRAINI', '30/06/2002', '637829977', '708534124', NULL, NULL, 'Super Admin', NULL),
	('14851142061587799749', 4266, 'LUKMANUL KHAKIM', '9/15/2001', '27982147', '708534124', NULL, NULL, 'Super Admin', NULL),
	('14871828761587799506', 3824, 'KUKUH WISNU ARI SETYO WIBOWO', '17/01/2002', '1814396759', '708534124', NULL, NULL, 'Super Admin', NULL),
	('14909571991587799653', 4082, 'Elvan Hidayah', '05/12/2002', '578888240', '708534124', NULL, NULL, 'Super Admin', NULL),
	('14944129071587799626', 3999, 'ALFANI NUR SYAWAAT', '23/12/2002', '815157090', '708534124', NULL, NULL, 'Super Admin', NULL),
	('14966106491587799785', 4351, 'SARI REJEKI', '11/14/2002', '1702684754', '708534124', NULL, NULL, 'Super Admin', NULL),
	('1497263381587799562', 3086, 'NOFAL MUFADHAL HISAM', '07/07/2002', '351034431', '708534124', NULL, NULL, 'Super Admin', NULL),
	('1498911401587799785', 4327, 'ARLIA RAHMANIA ANIS', '12/15/2001', '1702684754', '708534124', NULL, NULL, 'Super Admin', NULL),
	('15003209891587796938', 3765, 'SAEFUL ROCHMAN', '06/06/2001', '1139002976', '708534124', NULL, NULL, 'Super Admin', NULL),
	('15073839901587796938', 3762, 'RIKI SAROYA', '17/05/2000', '1139002976', '708534124', NULL, NULL, 'Super Admin', NULL),
	('15088655071587799653', 4098, 'SAEFARUL BAHTIAR', '23/04/2002', '578888240', '708534124', NULL, NULL, 'Super Admin', NULL),
	('15089675811587799785', 4334, 'FAZRIL AINATUN ALFIAH', '12/22/2002', '1702684754', '708534124', NULL, NULL, 'Super Admin', NULL),
	('1508984921587799489', 3796, 'PUPUT PUJI ASTUTI', '28/03/2002', '637829977', '708534124', NULL, NULL, 'Super Admin', NULL),
	('15105343101587796938', 3742, 'DENI ANGGITA ABIMANYU', '29/12/2001', '1139002976', '708534124', NULL, NULL, 'Super Admin', NULL),
	('15139890801587799562', 3995, 'WAGI GUSTIAWAN', '01/08/2001', '351034431', '708534124', NULL, NULL, 'Super Admin', NULL),
	('15164224951587799817', 3905, 'MEI MULASIH', '5/17/2002', '208990928', '708534124', NULL, NULL, 'Super Admin', NULL),
	('15224362231587799772', 4292, 'AZIZATUR ROHMAN', '11/30/2001', '140848804', '708534124', NULL, NULL, 'Super Admin', NULL),
	('15229973431587796938', 3755, 'MUCHAMAD ANIFUDIN', '13/05/2001', '1139002976', '708534124', NULL, NULL, 'Super Admin', NULL),
	('15277333411587799801', 3860, 'KHUSNUL KHOTIMAH', '2/4/2002', '773257322', '708534124', NULL, NULL, 'Super Admin', NULL),
	('15303163471587799728', 4239, 'RINA ASMAWATI', '4/10/2002', '1333275141', '708534124', NULL, NULL, 'Super Admin', NULL),
	('15360098061587799715', 4180, 'ANDRI FIRMANSYAH', '3/17/1999', '94774840', '708534124', NULL, NULL, 'Super Admin', NULL),
	('15387953321587799626', 4014, 'GUNTUR YOVIARDANA', '01/03/2003', '815157090', '708534124', NULL, NULL, 'Super Admin', NULL),
	('15407809951587799639', 4034, 'AGUNG BUDIAWAN', '21/10/2002', '1698753116', '708534124', NULL, NULL, 'Super Admin', NULL),
	('15415737341587799534', 3947, 'Meiko Reisaldy Pratama', '18/05/2000', '1377224524', '708534124', NULL, NULL, 'Super Admin', NULL),
	('1545225581587799671', 4138, 'VENNI DAMAI TRIANA', '6/11/2001', '790596259', '708534124', NULL, NULL, 'Super Admin', NULL),
	('15512005481587799715', 4192, 'LAELA NUR SAVITRI', '2/19/2002', '94774840', '708534124', NULL, NULL, 'Super Admin', NULL),
	('1555366461587799801', 3864, 'MAYA MEILIANI', '5/14/2001', '773257322', '708534124', NULL, NULL, 'Super Admin', NULL),
	('1558896931587799562', 3345, 'Gandhi Taufiq Kurrohman', '01/03/2000', '351034431', '708534124', NULL, NULL, 'Super Admin', NULL),
	('15636282661587799671', 4131, 'ROSIANA FARKHAH AL HAKIM', '7/14/2002', '790596259', '708534124', NULL, NULL, 'Super Admin', NULL),
	('15659740201587799686', 4171, 'SRI WAHYUNI', '10/15/1999', '1270758044', '708534124', NULL, NULL, 'Super Admin', NULL),
	('1567724661587799653', 4085, 'Ganjar Ramadani', '13/11/2002', '578888240', '708534124', NULL, NULL, 'Super Admin', NULL),
	('15681269331587799626', 4000, 'ANANDA NICOLAS', '10/03/2002', '815157090', '708534124', NULL, NULL, 'Super Admin', NULL),
	('15711760051587799562', 3961, 'A. RIZAL', '22/11/2000', '351034431', '708534124', NULL, NULL, 'Super Admin', NULL),
	('15715866011587799506', 3821, 'INDAH AYU DHE\'AZ AULINA', '19/12/2001', '1814396759', '708534124', NULL, NULL, 'Super Admin', NULL),
	('15719054191587799489', 3806, 'YONI KURNIAWAN', '06/04/2001', '637829977', '708534124', NULL, NULL, 'Super Admin', NULL),
	('15728229451587799671', 4117, 'HAMZAH AULIA MUHAMAD', '10/6/2002', '790596259', '708534124', NULL, NULL, 'Super Admin', NULL),
	('15752071041587799728', 4233, 'NUR ISMAIL SOLEKHAN', '7/1/2002', '1333275141', '708534124', NULL, NULL, 'Super Admin', NULL),
	('15800321661587799772', 4299, 'FENTRI YUDA ANTIKA', '6/9/2002', '140848804', '708534124', NULL, NULL, 'Super Admin', NULL),
	('15808614321574091419', 5351, 'SAFIRA NUR ZAKIROH', '4/17/2001', '124951618', '1905180110', NULL, NULL, 'Super Admin', NULL),
	('15823622201587799534', 3936, 'DIMAS MIFTAHUL AZIS', '07/04/2002', '1377224524', '708534124', NULL, NULL, 'Super Admin', NULL),
	('1586068891587799716', 4200, 'PUPUT PRIYADI', '5/29/2002', '94774840', '708534124', NULL, NULL, 'Super Admin', NULL),
	('15868065661587799749', 4282, 'TUTI ROSMIATI', '4/28/2002', '27982147', '708534124', NULL, NULL, 'Super Admin', NULL),
	('15869376191587796938', 3740, 'AWANG MARGO PRASETYO', '05/09/2002', '1139002976', '708534124', NULL, NULL, 'Super Admin', NULL),
	('15873217781587799626', 4018, 'Kiki Gunawan', '20/10/2002', '815157090', '708534124', NULL, NULL, 'Super Admin', NULL),
	('15925268381587799534', 3930, 'ARI CAHYADI', '29/01/2002', '1377224524', '708534124', NULL, NULL, 'Super Admin', NULL),
	('15968009101587799801', 3882, 'VIDINIA PRIHATIN UTAMI', '3/21/2002', '773257322', '708534124', NULL, NULL, 'Super Admin', NULL),
	('15995857931587796938', 3736, 'AKHMAD RIDHO SUGARA', '27/12/2002', '1139002976', '708534124', NULL, NULL, 'Super Admin', NULL),
	('16002486561587799817', 3888, 'AULIA IBNI FARIDHA', '1/24/2003', '208990928', '708534124', NULL, NULL, 'Super Admin', NULL),
	('16032413261587799489', 3803, 'TONGAT HIDAYATULOH', '10/04/2002', '637829977', '708534124', NULL, NULL, 'Super Admin', NULL),
	('1604587551587799639', 4065, 'SYARIFUDIN', '28/11/2001', '1698753116', '708534124', NULL, NULL, 'Super Admin', NULL),
	('16072459611587799817', 3902, 'LENI LARASATI', '12/25/2001', '208990928', '708534124', NULL, NULL, 'Super Admin', NULL),
	('16085780541587799506', 3811, 'ASSABET NUR ZAKIA', '26/04/2003', '1814396759', '708534124', NULL, NULL, 'Super Admin', NULL),
	('16095109721587799716', 4202, 'RIFA NABILAH', '11/29/2002', '94774840', '708534124', NULL, NULL, 'Super Admin', NULL),
	('16095748081587799785', 4345, 'NAJIBULLAH ATTAMIMI', '10/2/2002', '1702684754', '708534124', NULL, NULL, 'Super Admin', NULL),
	('16130666051587799653', 4097, 'ROIMUDDIN', '21/11/2001', '578888240', '708534124', NULL, NULL, 'Super Admin', NULL),
	('16158757801587796938', 3747, 'FIKRI HAIKAL', '03/12/2001', '1139002976', '708534124', NULL, NULL, 'Super Admin', NULL),
	('16198406931574091418', 5323, 'AMALIA USY SAROFI', '07/01/2001', '124951618', '1905180110', 'AMALIA_USY_SAROFI1818111119191919.pdf', NULL, 'Super Admin', 'Super Admin'),
	('1621729581587799489', 3781, 'FARADILA PUSPITA ANDARWATI', '10/09/2001', '637829977', '708534124', NULL, NULL, 'Super Admin', NULL),
	('16255610581587799749', 4264, 'KHUSNUL FAUZIAH', '2/28/2002', '27982147', '708534124', NULL, NULL, 'Super Admin', NULL),
	('16324562731587799671', 4120, 'JAZAKALLOH NUR RIZQI', '5/24/2002', '790596259', '708534124', NULL, NULL, 'Super Admin', NULL),
	('16343319451587799562', 3080, 'Ikhlasshul Rizqi', '26/03/2002', '351034431', '708534124', NULL, NULL, 'Super Admin', NULL),
	('16379435591587799639', 4057, 'MUHAMMAD RAFI NURFAHRUDIN', '11/02/2001', '1698753116', '708534124', NULL, NULL, 'Super Admin', NULL),
	('16383429111587799772', 4320, 'YUNIARTI', '6/11/2001', '140848804', '708534124', NULL, NULL, 'Super Admin', NULL),
	('16438603581587799728', 4234, 'NURLIANTY MAHARANI HARAHAP', '10/17/2002', '1333275141', '708534124', NULL, NULL, 'Super Admin', NULL),
	('16445052501587799801', 3847, 'ANNISA DEWI LARASATI', '10/2/2002', '773257322', '708534124', NULL, NULL, 'Super Admin', NULL),
	('1645673371587799653', 4093, 'MUSSALIM RIDHO', '20/04/2001', '578888240', '708534124', NULL, NULL, 'Super Admin', NULL),
	('16534879021587799801', 3852, 'DITA FLARENZA', '1/12/2002', '773257322', '708534124', NULL, NULL, 'Super Admin', NULL),
	('16559746501587799489', 3777, 'ANGGA PRASETIO', '17/07/2017', '637829977', '708534124', NULL, NULL, 'Super Admin', NULL),
	('16619151651587799716', 4212, 'ZAIN ARIF WILDAN SUGANDI', '5/10/2002', '94774840', '708534124', NULL, NULL, 'Super Admin', NULL),
	('16626886411587799749', 4252, 'ANNISA KHALIMATUS SYA\'DIAH', '10/29/2002', '27982147', '708534124', NULL, NULL, 'Super Admin', NULL),
	('16658426701587799715', 4184, 'DIMAS ALI WARDANA', '9/11/2002', '94774840', '708534124', NULL, NULL, 'Super Admin', NULL),
	('16692162081587799785', 4331, 'DIFA SYAHARANI ABDILLA', '5/6/2002', '1702684754', '708534124', NULL, NULL, 'Super Admin', NULL),
	('16730185271587799817', 3909, 'NIA AGUSTIN', '8/5/2002', '208990928', '708534124', NULL, NULL, 'Super Admin', NULL),
	('1676285187', 1000, 'khafidz nur huda', '25/06/1981', '124951618', '1905180110', 'khafidz_nur_huda1313040420202020.pdf', NULL, 'Super Admin', NULL),
	('1678269671587799817', 3911, 'RETNO SHOFI WIDIANA', '3/2/2002', '208990928', '708534124', NULL, NULL, 'Super Admin', NULL),
	('16787837531587796938', 3758, 'NANIK KASROH', '02/03/2001', '1139002976', '708534124', NULL, NULL, 'Super Admin', NULL),
	('16824766841587799506', 3808, 'AJIB ZULFAN FANANI', '14/05/2002', '1814396759', '708534124', NULL, NULL, 'Super Admin', NULL),
	('16827893331587799639', 4049, 'Galindra Aji Pangestu', '27/06/2001', '1698753116', '708534124', NULL, NULL, 'Super Admin', NULL),
	('1683331461587796938', 3743, 'EFI NUR FARIANTI', '13/05/2002', '1139002976', '708534124', NULL, NULL, 'Super Admin', NULL),
	('16951644871587799562', 3083, 'LUTHFIR RACHMAN', '08/09/2001', '351034431', '708534124', NULL, NULL, 'Super Admin', NULL),
	('16973135141587799653', 4077, 'CANDRA PURNOMO', '30/01/2002', '578888240', '708534124', NULL, NULL, 'Super Admin', NULL),
	('17025373111587799785', 4322, 'AFIT WIBOWO', '1/22/2001', '1702684754', '708534124', NULL, NULL, 'Super Admin', NULL),
	('17044522261587799801', 3861, 'LAELATUL MAULIDAH', '5/25/2002', '773257322', '708534124', NULL, NULL, 'Super Admin', NULL),
	('17055343251587799506', 3842, 'YULIA NINDA PRATIWI', '27/07/2002', '1814396759', '708534124', NULL, NULL, 'Super Admin', NULL),
	('17069930071587799671', 4136, 'TORIK MIFTAHUROSIDIN', '3/13/2002', '790596259', '708534124', NULL, NULL, 'Super Admin', NULL),
	('17079707181587799801', 3874, 'SEPTRIANA SAPUTRI', '9/15/2002', '773257322', '708534124', NULL, NULL, 'Super Admin', NULL),
	('17106663181587799686', 4145, 'ANIFFA NUR AMALIA', '2/16/2003', '1270758044', '708534124', NULL, NULL, 'Super Admin', NULL),
	('17125544251587799506', 3833, 'ROFIYATUL NUR IQBAL', '25/11/2001', '1814396759', '708534124', NULL, NULL, 'Super Admin', NULL),
	('17126990551587799749', 4265, 'LIA WAHYU WULANDARI', '1/16/2002', '27982147', '708534124', NULL, NULL, 'Super Admin', NULL),
	('17162874651587799817', 3918, 'SITI SOLEHAH', '7/24/2001', '208990928', '708534124', NULL, NULL, 'Super Admin', NULL),
	('17232183571587799489', 3784, 'FERA JUNIATUN', '14/06/2002', '637829977', '708534124', NULL, NULL, 'Super Admin', NULL),
	('17253477671587799489', 3799, 'ROBIUL WALIDAINI', '19/07/2002', '637829977', '708534124', NULL, NULL, 'Super Admin', NULL),
	('17278227521587799749', 4272, 'RESTA AMALIA YULIANI', '7/25/2017', '27982147', '708534124', NULL, NULL, 'Super Admin', NULL),
	('17279190951587799785', 4336, 'FIKI SAADAH', '8/6/2002', '1702684754', '708534124', NULL, NULL, 'Super Admin', NULL),
	('1730813351587799772', 4314, 'SAPUTRI', '7/6/2002', '140848804', '708534124', NULL, NULL, 'Super Admin', NULL),
	('173082201587799489', 3774, 'Akmal Novandi', '05/11/2001', '637829977', '708534124', NULL, NULL, 'Super Admin', NULL),
	('17313059611587799772', 4311, 'PUJI ASTUTI YULIANA SARI', '7/9/2002', '140848804', '708534124', NULL, NULL, 'Super Admin', NULL),
	('17327692291587799749', 4267, 'NANANG SETIAWAN', '1/22/2002', '27982147', '708534124', NULL, NULL, 'Super Admin', NULL),
	('17337374001587799534', 3931, 'Arjun Dian Permana', '09/02/2003', '1377224524', '708534124', NULL, NULL, 'Super Admin', NULL),
	('17346859031587799534', 3925, 'A. NASRUL HIDAYATULLOH', '19/11/2001', '1377224524', '708534124', NULL, NULL, 'Super Admin', NULL),
	('17383021641587799749', 4258, 'FADHILA MARSHELA HUSNA', '1/28/2003', '27982147', '708534124', NULL, NULL, 'Super Admin', NULL),
	('17390790211587799639', 4052, 'ILHAM RIZKI WAHYUDI', '07/05/2002', '1698753116', '708534124', NULL, NULL, 'Super Admin', NULL),
	('17435613971587799626', 4009, 'EKO RIZKIYANTO', '30/12/2002', '815157090', '708534124', NULL, NULL, 'Super Admin', NULL),
	('17482761881587799562', 3968, 'Arman Siyam Nurlana', '05/12/2001', '351034431', '708534124', NULL, NULL, 'Super Admin', NULL),
	('17525813561587799749', 4281, 'TONI OCTAVIANO AL RIZQI', '10/17/2002', '27982147', '708534124', NULL, NULL, 'Super Admin', NULL),
	('17536312511587799653', 4071, 'Alfin Darmawan', '14/08/2002', '578888240', '708534124', NULL, NULL, 'Super Admin', NULL),
	('17551976701587799534', 3956, 'Sugeng Dwi Nugroho', '06/06/2002', '1377224524', '708534124', NULL, NULL, 'Super Admin', NULL),
	('17587049091587799639', 4053, 'IRFAN AMMARULLOH', '10/07/2000', '1698753116', '708534124', NULL, NULL, 'Super Admin', NULL),
	('17645678171587799716', 4199, 'PUJI LESTARI', '11/26/2001', '94774840', '708534124', NULL, NULL, 'Super Admin', NULL),
	('17707942051587799728', 4247, 'VANI RAHMAWATI', '10/3/2001', '1333275141', '708534124', NULL, NULL, 'Super Admin', NULL),
	('17788188561587799653', 4011, 'FAJAR WIJAYANTO', '10/03/2001', '578888240', '708534124', NULL, NULL, 'Super Admin', NULL),
	('17823482281587799801', 3855, 'ERLIN YOSIANTI', '1/4/2001', '773257322', '708534124', NULL, NULL, 'Super Admin', NULL),
	('17858939981587799639', 4048, 'Fidan Arsfendo', '17/10/2001', '1698753116', '708534124', NULL, NULL, 'Super Admin', NULL),
	('17891101291574091419', 5353, 'SELFI RAUDATUN SANGADAH', '7/29/2001', '124951618', '1905180110', NULL, NULL, 'Super Admin', NULL),
	('17908329951587799671', 4128, 'PUTRI RISMA NUR AFIFAH', '9/17/2002', '790596259', '708534124', NULL, NULL, 'Super Admin', NULL),
	('17914760081587799749', 4257, 'ERA INDRIAWAN', '9/5/2001', '27982147', '708534124', NULL, NULL, 'Super Admin', NULL),
	('1797151891574091419', 5342, 'LAELATUL KOMARIYAH', '4/22/2001', '124951618', '1905180110', NULL, NULL, 'Super Admin', NULL),
	('17996043191587799715', 4188, 'FITA AGUSTIN WAHYUNINGSIH', '8/14/2002', '94774840', '708534124', NULL, NULL, 'Super Admin', NULL),
	('17997779911587799716', 4196, 'NISFA SYAHRIYAH', '1/15/2003', '94774840', '708534124', NULL, NULL, 'Super Admin', NULL),
	('18038825631587796938', 3738, 'AMANDA NOVA SADEWI', '01/11/2001', '1139002976', '708534124', 'AMANDA_NOVA_SADEWI2828040420202020.pdf', NULL, 'Super Admin', 'Super Admin'),
	('18086590571587799639', 4059, 'RAHMAT SULISYANTO', '27/11/2002', '1698753116', '708534124', NULL, NULL, 'Super Admin', NULL),
	('18195959151587796938', 3768, 'UMI OKTARIA', '21/10/2001', '1139002976', '708534124', NULL, NULL, 'Super Admin', NULL),
	('18216370791587799639', 4050, 'HAFIDZ ALIFIYAN HIDAYAT', '12/04/2001', '1698753116', '708534124', NULL, NULL, 'Super Admin', NULL),
	('18251839641587799653', 4076, 'BAYU AJI FEBRIANTO', '04/02/2002', '578888240', '708534124', NULL, NULL, 'Super Admin', NULL),
	('18282753081587796938', 3748, 'HARDI YANTO', '02/05/2002', '1139002976', '708534124', NULL, NULL, 'Super Admin', NULL),
	('18313172611587799716', 4204, 'SALSA MUTIA PUTRI FADHILA', '4/13/2002', '94774840', '708534124', NULL, NULL, 'Super Admin', NULL),
	('18332124691587799785', 4335, 'FEBRI SUSANTO', '2/25/2002', '1702684754', '708534124', NULL, NULL, 'Super Admin', NULL),
	('18351442221587799801', 3883, 'VIKI MISWAH NURLAILY', '6/26/2002', '773257322', '708534124', NULL, NULL, 'Super Admin', NULL),
	('18354660541587799562', 3994, 'TRI INDRA ANTO', '07/04/2001', '351034431', '708534124', NULL, NULL, 'Super Admin', NULL),
	('18356032131587799489', 3793, 'Napoleon Sheva Saviola', '12/02/2001', '637829977', '708534124', NULL, NULL, 'Super Admin', NULL),
	('18369834021587799801', 3853, 'DWI AMBARWATI', '2/27/2002', '773257322', '708534124', NULL, NULL, 'Super Admin', NULL),
	('18374397351587799801', 3867, 'MUSTIKA SUGIARTI', '7/6/2002', '773257322', '708534124', NULL, NULL, 'Super Admin', NULL),
	('18407757641587799653', 4084, 'Firman Hidayah', '15/10/2000', '578888240', '708534124', NULL, NULL, 'Super Admin', NULL),
	('18455176541587799749', 4278, 'SITI RAHAYU', '9/2/2002', '27982147', '708534124', NULL, NULL, 'Super Admin', NULL),
	('18497000711587799653', 4096, 'Rio Angga Saputra', '28/03/1999', '578888240', '708534124', NULL, NULL, 'Super Admin', NULL),
	('18536102581587799534', 3946, 'KUSWARA SAPUTRA', '14/11/2001', '1377224524', '708534124', NULL, NULL, 'Super Admin', NULL),
	('18539741741587799639', 4045, 'DONI NUR ARIFIN', '06/12/2001', '1698753116', '708534124', NULL, NULL, 'Super Admin', NULL),
	('18552836001587799801', 3868, 'NAYUNI', '6/10/2002', '773257322', '708534124', NULL, NULL, 'Super Admin', NULL),
	('18565790331587799671', 4109, 'ANGGI SETIA FIDHE', '3/19/2003', '790596259', '708534124', NULL, NULL, 'Super Admin', NULL),
	('18573054311587799639', 4055, 'MAHESA PRESTA DEWA', '15/09/2001', '1698753116', '708534124', NULL, NULL, 'Super Admin', NULL),
	('18591611411587799801', 3878, 'SOLIAH', '8/10/1999', '773257322', '708534124', NULL, NULL, 'Super Admin', NULL),
	('18593274571587799489', 3792, 'MUHAMMAD ALI HASYIM', '06/12/2002', '637829977', '708534124', NULL, NULL, 'Super Admin', NULL),
	('18599124181587799817', 3920, 'SUSANTINI', '5/10/1999', '208990928', '708534124', NULL, NULL, 'Super Admin', NULL),
	('18615478631587799671', 4106, 'AFRILIA HANIVA', '4/20/2002', '790596259', '708534124', NULL, NULL, 'Super Admin', NULL),
	('18672252941587799639', 4064, 'SOLIKHUN', '03/07/1999', '1698753116', '708534124', NULL, NULL, 'Super Admin', NULL),
	('18698023761587799489', 3795, 'PRAMUDYA WARDANI', '14/05/2002', '637829977', '708534124', NULL, NULL, 'Super Admin', NULL),
	('18724147981587799749', 4276, 'SETIA DWI PRADANA', '10/28/2001', '27982147', '708534124', NULL, NULL, 'Super Admin', NULL),
	('18738477591587799686', 4176, 'WINDA AYU SRI LESTARI', '8/8/2002', '1270758044', '708534124', NULL, NULL, 'Super Admin', NULL),
	('18742715911587799534', 3940, 'Gunawan Ardiansyah', '14/09/2002', '1377224524', '708534124', NULL, NULL, 'Super Admin', NULL),
	('18747819171587799506', 3828, 'NUR AYU WULANDARI', '17/03/2002', '1814396759', '708534124', NULL, NULL, 'Super Admin', NULL),
	('18769166371587799671', 4134, 'SRI UTAMI NUR AZIZAH', '1/31/2002', '790596259', '708534124', NULL, NULL, 'Super Admin', NULL),
	('18841186671587799785', 4348, 'RIRIS RATNASIWI PALUPI', '1/30/2002', '1702684754', '708534124', NULL, NULL, 'Super Admin', NULL),
	('18850358591587799772', 4301, 'HARNITI', '8/25/2002', '140848804', '708534124', NULL, NULL, 'Super Admin', NULL),
	('18866949351587799686', 4161, 'NUR EKO APRIANSYAH', '4/4/2000', '1270758044', '708534124', NULL, NULL, 'Super Admin', NULL),
	('18897282981587799686', 4141, 'ADNAN MUHAMAD KHAKIM', '3/23/2003', '1270758044', '708534124', NULL, NULL, 'Super Admin', NULL),
	('18911959261587799749', 3639, 'ERIC REGIS VIANTO', '7/8/2000', '27982147', '708534124', NULL, NULL, 'Super Admin', NULL),
	('18981342161574091418', 5324, 'ANA ANDIKA SAPUTRI', '11/04/2001', '124951618', '1905180110', 'ANA_ANDIKA_SAPUTRI1818111119191919.pdf', NULL, 'Super Admin', 'Super Admin'),
	('18986572191587799686', 4158, 'MARENDRA AMAR MUZAQI', '3/5/2002', '1270758044', '708534124', NULL, NULL, 'Super Admin', NULL),
	('18991206701587799686', 4169, 'SELVIA NUR ISNAENI', '2/12/2002', '1270758044', '708534124', NULL, NULL, 'Super Admin', NULL),
	('18995920901587799801', 3877, 'SITI NUROCHMAH', '10/6/2002', '773257322', '708534124', NULL, NULL, 'Super Admin', NULL),
	('19013977691587799562', 3974, 'DWIKI ARTA GINAWAN', '23/05/2003', '351034431', '708534124', NULL, NULL, 'Super Admin', NULL),
	('19025945981587799671', 4118, 'HILDA LATIFAH ANDINI', '12/14/2002', '790596259', '708534124', NULL, NULL, 'Super Admin', NULL),
	('19037370681587799562', 3979, 'HENDRIK SANTOSO', '02/12/2000', '351034431', '708534124', NULL, NULL, 'Super Admin', NULL),
	('19089174651587799506', 3812, 'DEDI SAFII', '16/10/2000', '1814396759', '708534124', NULL, NULL, 'Super Admin', NULL),
	('19098408171587799785', 1052, 'NADYA ADRIANA', '7/23/2002', '1702684754', '708534124', NULL, NULL, 'Super Admin', NULL),
	('19099045161587799562', 3969, 'Aziz Dwi Angga Nugroho', '02/10/2002', '351034431', '708534124', NULL, NULL, 'Super Admin', NULL),
	('19112841061587796938', 3749, 'HUTRI DWI MUGIARTI', '19/08/2001', '1139002976', '708534124', NULL, NULL, 'Super Admin', NULL),
	('19115201281587799653', 4101, 'Tabah Agus Purnama', '08/08/2002', '578888240', '708534124', NULL, NULL, 'Super Admin', NULL),
	('19183164641587799671', 4137, 'ULIL HIDAYAH', '10/5/2002', '790596259', '708534124', NULL, NULL, 'Super Admin', NULL),
	('19184590231587799653', 4095, 'Renaldo Tri Buana Purbagandy', '09/06/2000', '578888240', '708534124', NULL, NULL, 'Super Admin', NULL),
	('19222659691587799534', 3937, 'DWI MULYONO', '18/05/2002', '1377224524', '708534124', NULL, NULL, 'Super Admin', NULL),
	('19224908981587799639', 4046, 'ELSA AJI SAPUTRA', '04/03/2002', '1698753116', '708534124', NULL, NULL, 'Super Admin', NULL),
	('19228828881587799653', 4104, 'Zia Al Ghani', '26/08/2002', '578888240', '708534124', NULL, NULL, 'Super Admin', NULL),
	('19348940681587796938', 3756, 'MUHAMAD TEGAR AL MIRAJ', '04/10/2002', '1139002976', '708534124', NULL, NULL, 'Super Admin', NULL),
	('19363183501587799639', 4037, 'ANANDA PUTRA WIBOWO', '26/11/2001', '1698753116', '708534124', NULL, NULL, 'Super Admin', NULL),
	('1936454721587799817', 3906, 'MELIA NINGRUM', '5/25/2002', '208990928', '708534124', NULL, NULL, 'Super Admin', NULL),
	('19379783761587799715', 4194, 'MITA RIFKI ANNISA', '1/25/2003', '94774840', '708534124', NULL, NULL, 'Super Admin', NULL),
	('19397903111587799817', 3919, 'SUCI RIZKIYA NINGSIH', '8/11/2002', '208990928', '708534124', NULL, NULL, 'Super Admin', NULL),
	('19399881251587799506', 3825, 'MASGUN', '01/06/2002', '1814396759', '708534124', NULL, NULL, 'Super Admin', NULL),
	('19514640631587799626', 3998, 'AGUN RISIANTO', '08/08/2002', '815157090', '708534124', NULL, NULL, 'Super Admin', NULL),
	('19527082721574091418', 5325, 'ANISATUN ALIFAH', '2/27/2010', '124951618', '1905180110', NULL, NULL, 'Super Admin', NULL),
	('19593016111587799785', 4352, 'SERLY ARDE LIA', '5/17/2002', '1702684754', '708534124', NULL, NULL, 'Super Admin', NULL),
	('19637610841587799686', 4160, 'NELI ANISAH RAHMAWATI', '12/25/2001', '1270758044', '708534124', NULL, NULL, 'Super Admin', NULL),
	('19681171901587799534', 3953, 'ROQIN ALHADIDIN', '16/03/2002', '1377224524', '708534124', NULL, NULL, 'Super Admin', NULL),
	('19707412261587799562', 3963, 'Aldy Bagus Kusuma', '29/10/2002', '351034431', '708534124', NULL, NULL, 'Super Admin', NULL),
	('19751050341587799534', 3950, 'OKI BAROKAH AKBAR', '16/10/2002', '1377224524', '708534124', NULL, NULL, 'Super Admin', NULL),
	('19778333671587799506', 3822, 'JUMANTO', '23/06/2001', '1814396759', '708534124', NULL, NULL, 'Super Admin', NULL),
	('19809852281587799728', 4215, 'ANAS PATMAWATI', '5/19/2002', '1333275141', '708534124', NULL, NULL, 'Super Admin', NULL),
	('19826463011587799653', 4103, 'WAHYUDA RIDWANTO', '01/08/2001', '578888240', '708534124', NULL, NULL, 'Super Admin', NULL),
	('19865728401587799801', 3871, 'RIDA SANIA', '1/5/2002', '773257322', '708534124', NULL, NULL, 'Super Admin', NULL),
	('1991778991587799772', 4315, 'SEFIA TRI RADITIA', '9/27/2002', '140848804', '708534124', NULL, NULL, 'Super Admin', NULL),
	('19937212161587799562', 3082, 'KHOERUL ANAM', '14/02/2003', '351034431', '708534124', NULL, NULL, 'Super Admin', NULL),
	('19977718891587799801', 3881, 'ULIS SETIA WATI', '6/24/2002', '773257322', '708534124', NULL, NULL, 'Super Admin', NULL),
	('20007125481587799671', 4121, 'KRISTIN FERA WATI', '11/2/2002', '790596259', '708534124', NULL, NULL, 'Super Admin', NULL),
	('2000769321587799772', 4287, 'ALFI ADRI', '2/7/2002', '140848804', '708534124', NULL, NULL, 'Super Admin', NULL),
	('20010895481587799639', 4047, 'FARIZKY ABDUL MUCHIT', '23/09/2001', '1698753116', '708534124', NULL, NULL, 'Super Admin', NULL),
	('20016081561587799489', 3780, 'FAHMI SAHRUL HIDAYAT', '11/12/2001', '637829977', '708534124', NULL, NULL, 'Super Admin', NULL),
	('20055368041587799534', 3952, 'RISQI IQBAL SABANI', '22/10/2002', '1377224524', '708534124', NULL, NULL, 'Super Admin', NULL),
	('20070373651587799728', 4230, 'MUNTOHARUN', '9/22/2001', '1333275141', '708534124', NULL, NULL, 'Super Admin', NULL),
	('20077294361574091419', 5354, 'SEPTIANA ASIH', '9/4/2001', '124951618', '1905180110', NULL, NULL, 'Super Admin', NULL),
	('20198796541587799728', 4220, 'DIMAS SYIFAUL MUBAROK', '12/23/2002', '1333275141', '708534124', NULL, NULL, 'Super Admin', NULL),
	('20229221941587799686', 4156, 'JULIUS ERY KRISTIONO', '7/18/2002', '1270758044', '708534124', NULL, NULL, 'Super Admin', NULL),
	('20289508151587799626', 4031, 'Wahyu Adi Prastyo', '18/03/2003', '815157090', '708534124', NULL, NULL, 'Super Admin', NULL),
	('20296783851587799715', 4193, 'LANGGENG WAHUDIN', '9/4/2002', '94774840', '708534124', NULL, NULL, 'Super Admin', NULL),
	('20415398481587799671', 4130, 'RESTI INDAH PAMULANINGSIH', '9/21/2002', '790596259', '708534124', NULL, NULL, 'Super Admin', NULL),
	('20454356221587799489', 3800, 'SAYRI SABIT RAMADHANI', '10/11/2002', '637829977', '708534124', NULL, NULL, 'Super Admin', NULL),
	('20532567571587799639', 4066, 'TRIA ADE PURNOMO', '08/01/2002', '1698753116', '708534124', NULL, NULL, 'Super Admin', NULL),
	('20640746341587799772', 4300, 'FIRMAN AGUS CAHYADI', '8/20/2001', '140848804', '708534124', NULL, NULL, 'Super Admin', NULL),
	('20670537171587799772', 4319, 'YESI YUNITA SARI', '6/13/2001', '140848804', '708534124', NULL, NULL, 'Super Admin', NULL),
	('2077023541587799489', 3776, 'AMINAL MUSABAR', '12/06/2002', '637829977', '708534124', NULL, NULL, 'Super Admin', NULL),
	('20785465271587799534', 3941, 'IHWAN SULTONI', '27/08/2002', '1377224524', '708534124', NULL, NULL, 'Super Admin', NULL),
	('2087485061587799817', 3907, 'MIFTAKHUL SRI REZEKI', '3/24/2002', '208990928', '708534124', NULL, NULL, 'Super Admin', NULL),
	('20905981341587799506', 3832, 'RIZKI SETYO PRIYADI', '12/04/2002', '1814396759', '708534124', NULL, NULL, 'Super Admin', NULL),
	('21030257491587799506', 3813, 'EKA FEBRIANTO', '26/02/2002', '1814396759', '708534124', NULL, NULL, 'Super Admin', NULL),
	('21121041811587799749', 4249, 'AGUNG FITRIYONO', '12/6/2002', '27982147', '708534124', NULL, NULL, 'Super Admin', NULL),
	('21176159671587799728', 4218, 'DAFFA ALMER TSANY', '1/17/2002', '1333275141', '708534124', NULL, NULL, 'Super Admin', NULL),
	('2122081791587799772', 4310, 'OKTAFIAN GALIH PAMUJI', '10/11/2001', '140848804', '708534124', NULL, NULL, 'Super Admin', NULL),
	('21261327511587799686', 4159, 'MILA DWI ANGGRAENI', '7/21/2002', '1270758044', '708534124', NULL, NULL, 'Super Admin', NULL),
	('21288596141587799772', 4288, 'AMALLIA NUR ANGGRAENI', '9/4/2000', '140848804', '708534124', NULL, NULL, 'Super Admin', NULL),
	('21387210061587796938', 3757, 'MUHAMMAD HASYIM ASY\'ARI', '10/10/2002', '1139002976', '708534124', NULL, NULL, 'Super Admin', NULL),
	('21421703781587799728', 4225, 'HERO GALUH PYAWAI', '5/1/2002', '1333275141', '708534124', NULL, NULL, 'Super Admin', NULL),
	('21427375201587799639', 4054, 'KUKUH PRIYO SUBEKTI', '28/12/2001', '1698753116', '708534124', NULL, NULL, 'Super Admin', NULL),
	('21438621331587799534', 3939, 'GALIH NUGRAHAWAN', '31/10/2002', '1377224524', '708534124', NULL, NULL, 'Super Admin', NULL),
	('2170803541587799534', 3948, 'MUHAMAD IKHSAN', '06/12/2002', '1377224524', '708534124', NULL, NULL, 'Super Admin', NULL),
	('221840071587799506', 3818, 'Hamam Wahyudin', '14/03/2002', '1814396759', '708534124', NULL, NULL, 'Super Admin', NULL),
	('2287731281587799534', 3949, 'MUSTOFA', '11/07/2002', '1377224524', '708534124', NULL, NULL, 'Super Admin', NULL),
	('2301058791587799728', 4243, 'SITI NURHALIMAH', '10/17/2002', '1333275141', '708534124', NULL, NULL, 'Super Admin', NULL),
	('2312141461587799716', 4201, 'RAHMAH HASANAH', '4/12/2002', '94774840', '708534124', NULL, NULL, 'Super Admin', NULL),
	('2347111201587799534', 3955, 'SIGIT SETIAWAN', '23/01/2002', '1377224524', '708534124', NULL, NULL, 'Super Admin', NULL),
	('2364399261587799817', 3893, 'DWI APRIANI', '4/12/2002', '208990928', '708534124', NULL, NULL, 'Super Admin', NULL),
	('2367230221587799639', 4035, 'ALFIAN SAHRUL MAULANA', '24/05/2002', '1698753116', '708534124', NULL, NULL, 'Super Admin', NULL),
	('244148231587799801', 3848, 'ASRI RAHMAWATI', '3/2/2002', '773257322', '708534124', NULL, NULL, 'Super Admin', NULL),
	('2473794171587799506', 3839, 'WICAKSONO AKBAR MUSTOFA', '15/04/2002', '1814396759', '708534124', NULL, NULL, 'Super Admin', NULL),
	('2510882801587799639', 4044, 'DIDINSEPTIONO', '16/09/1999', '1698753116', '708534124', NULL, NULL, 'Super Admin', NULL),
	('2544726231587799626', 4025, 'RIZAL AFFANI', '20/10/2000', '815157090', '708534124', NULL, NULL, 'Super Admin', NULL),
	('2591168081587799686', 4154, 'HILDA YUSTIAN NILASARI', '3/28/2002', '1270758044', '708534124', NULL, NULL, 'Super Admin', NULL),
	('2599171971587799686', 4147, 'CATUR YULIASTUTI', '7/13/2002', '1270758044', '708534124', NULL, NULL, 'Super Admin', NULL),
	('2601673971587799801', 3875, 'SEVINA WINDIANI', '3/24/2001', '773257322', '708534124', NULL, NULL, 'Super Admin', NULL),
	('2672965031587799772', 4290, 'ARINDA KRISMAYANTI', '3/26/2002', '140848804', '708534124', NULL, NULL, 'Super Admin', NULL),
	('2677058941587799686', 4167, 'RIZKI RIJAL MUKHAROM', '3/20/2002', '1270758044', '708534124', NULL, NULL, 'Super Admin', NULL),
	('2718479181587799534', 3938, 'FAIZAL BAIHAKI', '27/06/2002', '1377224524', '708534124', NULL, NULL, 'Super Admin', NULL),
	('2754806591574091418', 5329, 'DESTI LESIA NURRAHMADANI', '9/15/2000', '124951618', '1905180110', NULL, NULL, 'Super Admin', NULL),
	('2772232841587799772', 4291, 'ARIS MUNANDAR', '5/4/2002', '140848804', '708534124', NULL, NULL, 'Super Admin', NULL),
	('2855300421587799653', 4102, 'Umar Fadlu Rohman', '10/01/2003', '578888240', '708534124', NULL, NULL, 'Super Admin', NULL),
	('2902216261587799562', 3971, 'DANANG ADI PRASETYO', '28/10/2001', '351034431', '708534124', NULL, NULL, 'Super Admin', NULL),
	('2908455711587799562', 3975, 'FAJAR BINTANG SAPUTRA', '04/03/2002', '351034431', '708534124', NULL, NULL, 'Super Admin', NULL),
	('2940601161587799653', 4081, 'DWI MUGIANTO', '01/05/2002', '578888240', '708534124', NULL, NULL, 'Super Admin', NULL),
	('3018159841587799534', 3926, 'AFIF IKHTIAR AFANDI', '21/12/2001', '1377224524', '708534124', NULL, NULL, 'Super Admin', NULL),
	('3054411301587799671', 4124, 'NAVIA DWI ROYANI', '4/30/2002', '790596259', '708534124', NULL, NULL, 'Super Admin', NULL),
	('3094895771587799817', 3897, 'FAR\'AH ASLAMMIAH', '1/18/2002', '208990928', '708534124', NULL, NULL, 'Super Admin', NULL),
	('3128780681587799639', 4042, 'BRIAN EGI KUSUMA', '26/11/2001', '1698753116', '708534124', NULL, NULL, 'Super Admin', NULL),
	('3158453591587799801', 3870, 'NUR FAJRIYAH', '7/18/2002', '773257322', '708534124', NULL, NULL, 'Super Admin', NULL),
	('3203557771587799562', 3988, 'RESTU HIDAYAT', '07/07/2002', '351034431', '708534124', NULL, NULL, 'Super Admin', NULL),
	('326821951587799506', 3809, 'ALFIN YULIYANTO', '08/07/2001', '1814396759', '708534124', NULL, NULL, 'Super Admin', NULL),
	('3280834041587799534', 3954, 'Sarjuanto', '02/03/2002', '1377224524', '708534124', NULL, NULL, 'Super Admin', NULL),
	('3309928961587799749', 4262, 'IKA PURWANTI', '12/12/2002', '27982147', '708534124', NULL, NULL, 'Super Admin', NULL),
	('3343312221587799686', 4163, 'OKTAVIA REZA LITA', '10/5/2002', '1270758044', '708534124', NULL, NULL, 'Super Admin', NULL),
	('3398294511587799817', 3889, 'DESTI ANY ROKHMAYANTI', '11/15/2002', '208990928', '708534124', NULL, NULL, 'Super Admin', NULL),
	('3450373531587799772', 4318, 'ULFI SUKMAWATI', '1/25/2002', '140848804', '708534124', NULL, NULL, 'Super Admin', NULL),
	('3457416331587799785', 4356, 'ZULFI ZUMALA DWIYANTI', '10/21/2002', '1702684754', '708534124', NULL, NULL, 'Super Admin', NULL),
	('3490605961587799817', 3910, 'NUAR BRIGIN ADZANI ENJELIA', '1/2/2002', '208990928', '708534124', NULL, NULL, 'Super Admin', NULL),
	('3502820181587799489', 3802, 'TAKHYA MAWADDAH', '22/07/2002', '637829977', '708534124', NULL, NULL, 'Super Admin', NULL),
	('350927521574091419', 5347, 'NUR KHOMARIYAH', '3/1/2001', '124951618', '1905180110', NULL, NULL, 'Super Admin', NULL),
	('3550150831587799653', 4090, 'KUKUH RAHMADIANTO', '24/11/2001', '578888240', '708534124', NULL, NULL, 'Super Admin', NULL),
	('3602516371587799785', 4349, 'RISKY MAYLIANA SARI', '5/4/2002', '1702684754', '708534124', NULL, NULL, 'Super Admin', NULL),
	('3609606931587799653', 4079, 'Didi Wahyudi', '27/10/2000', '578888240', '708534124', NULL, NULL, 'Super Admin', NULL),
	('3612093411587799728', 4244, 'STELLA ANGGRAENI PUSPITA NINGRUM', '3/11/2002', '1333275141', '708534124', NULL, NULL, 'Super Admin', NULL),
	('3632362381587799817', 3895, 'ELYSA RAHMAWATI', '11/10/2001', '208990928', '708534124', NULL, NULL, 'Super Admin', NULL),
	('3714065811587799749', 4253, 'ARIF SALIMIN', '1/18/2000', '27982147', '708534124', NULL, NULL, 'Super Admin', NULL),
	('3735900821587799715', 4183, 'DEA AYU TRIANI PUTRI', '7/2/2002', '94774840', '708534124', NULL, NULL, 'Super Admin', NULL),
	('3758426311587799728', 4214, 'ALIF ALAM SYAH', '12/22/2002', '1333275141', '708534124', NULL, NULL, 'Super Admin', NULL),
	('378325321574091418', 5334, 'FATIMAH RAHAYU', '2/4/2001', '124951618', '1905180110', NULL, NULL, 'Super Admin', NULL),
	('3800395181587799728', 4226, 'IKA AYU PRATIWI', '9/16/2002', '1333275141', '708534124', NULL, NULL, 'Super Admin', NULL),
	('3811410071587799686', 4146, 'AWALUDIN NUR AZIZ', '7/15/2002', '1270758044', '708534124', NULL, NULL, 'Super Admin', NULL),
	('3811859361587799506', 3823, 'Kharisma Zulfa Selvianingrum', '07/03/2002', '1814396759', '708534124', NULL, NULL, 'Super Admin', NULL),
	('3850019971587799489', 3798, 'RIZKI NUR RIFAI', '27/07/2001', '637829977', '708534124', NULL, NULL, 'Super Admin', NULL),
	('3850505311587799653', 4089, 'JULI ARIANTO', '10/07/2001', '578888240', '708534124', NULL, NULL, 'Super Admin', NULL),
	('386089811587799653', 4074, 'ARDITO ANGGIT', '23/01/2002', '578888240', '708534124', NULL, NULL, 'Super Admin', NULL),
	('3899329841587799772', 4295, 'DWI RUFENDI', '5/22/2002', '140848804', '708534124', NULL, NULL, 'Super Admin', NULL),
	('3927856921587799506', 3837, 'SURYA ANDRIANSYAH', '30/04/2001', '1814396759', '708534124', NULL, NULL, 'Super Admin', NULL),
	('3944606841587799686', 4168, 'SAHRA WAHYU SELAKSA MILIARTO', '3/29/2002', '1270758044', '708534124', NULL, NULL, 'Super Admin', NULL),
	('3993026681587799728', 4242, 'SEPTI AYUNINGSIH', '9/26/2002', '1333275141', '708534124', NULL, NULL, 'Super Admin', NULL),
	('4073737071587799686', 4149, 'EKA SETIANI', '12/10/2001', '1270758044', '708534124', NULL, NULL, 'Super Admin', NULL),
	('4103844141587799817', 3894, 'ELMA NAHLA WIDIANSYAH', '12/30/2001', '208990928', '708534124', NULL, NULL, 'Super Admin', NULL),
	('4192984281587799639', 4036, 'ANDRIE EKO ISTARTO', '15/05/2002', '1698753116', '708534124', NULL, NULL, 'Super Admin', NULL),
	('4225999181587799686', 4170, 'SIS\'IN NUR HIDAYATI', '11/15/2001', '1270758044', '708534124', NULL, NULL, 'Super Admin', NULL),
	('4239462441587799817', 3903, 'LISA NOVELA', '11/6/2011', '208990928', '708534124', NULL, NULL, 'Super Admin', NULL),
	('4240444421587799801', 3865, 'MELI AYU SAPUTRI', '10/6/2002', '773257322', '708534124', NULL, NULL, 'Super Admin', NULL),
	('426643421587799817', 3913, 'SAGITA PUSPITA RINI', '10/28/2000', '208990928', '708534124', NULL, NULL, 'Super Admin', NULL),
	('4290799781587799749', 4259, 'FIKRI HAEKAL', '4/6/2001', '27982147', '708534124', NULL, NULL, 'Super Admin', NULL),
	('4306821991587799653', 4070, 'AHMAD NUR FAIZIN', '27/12/2001', '578888240', '708534124', NULL, NULL, 'Super Admin', NULL),
	('4317396661587799785', 4350, 'RIZKI LATIF SETIONO', '4/12/2002', '1702684754', '708534124', NULL, NULL, 'Super Admin', NULL),
	('4422550741587799715', 4182, 'CAESAR FIRDAUS ROVERDINO', '10/28/2001', '94774840', '708534124', NULL, NULL, 'Super Admin', NULL),
	('4423348521587799801', 3844, 'ADISTI OKTAVIANING TYAS', '10/6/2002', '773257322', '708534124', NULL, NULL, 'Super Admin', NULL),
	('4480824731587799671', 4113, 'DEVIANA SAFITRI', '12/11/2002', '790596259', '708534124', NULL, NULL, 'Super Admin', NULL),
	('4495854901587799749', 4271, 'RAFLI NUR ALAMSYAH', '11/5/2001', '27982147', '708534124', NULL, NULL, 'Super Admin', NULL),
	('4507366901587799562', 3972, 'DESKAN SABAR PRASETYO', '19/12/2000', '351034431', '708534124', NULL, NULL, 'Super Admin', NULL),
	('4548654391587799534', 3944, 'IMRON SAJULI', '01/07/2002', '1377224524', '708534124', NULL, NULL, 'Super Admin', NULL),
	('455871511587799489', 3771, 'ADE SARAFI', '17/04/2001', '637829977', '708534124', NULL, NULL, 'Super Admin', NULL),
	('456047761574091419', 5349, 'RENI WULANDARI', '7/30/2000', '124951618', '1905180110', NULL, NULL, 'Super Admin', NULL),
	('4606305151574091419', 5348, 'PRIKA HESTININGRUM', '4/13/2001', '124951618', '1905180110', NULL, NULL, 'Super Admin', NULL),
	('4618031151587799716', 4203, 'ROCHMAN SETIAJI', '3/20/2002', '94774840', '708534124', NULL, NULL, 'Super Admin', NULL),
	('4637896691587799785', 4333, 'ERLANGGA', '8/21/2002', '1702684754', '708534124', NULL, NULL, 'Super Admin', NULL),
	('4667597761587799715', 4185, 'EMANIA APRILIANA', '4/11/2002', '94774840', '708534124', NULL, NULL, 'Super Admin', NULL),
	('480258641574091419', 5337, 'GANDITA RAHADANI YOLANTIKA', '2/19/2001', '124951618', '1905180110', NULL, NULL, 'Super Admin', NULL),
	('484072061587799562', 3085, 'MUHAMAD KHARIS ROMA', '29/01/2002', '351034431', '708534124', NULL, NULL, 'Super Admin', NULL),
	('4903174471587799728', 4224, 'FITA ROHANAWATI', '2/1/2002', '1333275141', '708534124', NULL, NULL, 'Super Admin', NULL),
	('4971514171587799772', 4302, 'HARUN ALRASYID', '7/15/2002', '140848804', '708534124', NULL, NULL, 'Super Admin', NULL),
	('4988177631587799785', 4347, 'RATNA GUSMAWARTI', '8/22/2002', '1702684754', '708534124', NULL, NULL, 'Super Admin', NULL),
	('4989441241587799728', 4221, 'EPTA DWI WARDANI', '10/31/2001', '1333275141', '708534124', NULL, NULL, 'Super Admin', NULL),
	('5023244671587799506', 3831, 'RAKHMAT TASLIM', '04/03/2003', '1814396759', '708534124', NULL, NULL, 'Super Admin', NULL),
	('5046298501587799653', 4075, 'ARIFIN', '16/04/2001', '578888240', '708534124', NULL, NULL, 'Super Admin', NULL),
	('5162182651587799686', 4164, 'OKTO YUMANTORO', '10/25/2003', '1270758044', '708534124', NULL, NULL, 'Super Admin', NULL),
	('5194636011587799801', 3879, 'SUGESTI', '8/7/2002', '773257322', '708534124', NULL, NULL, 'Super Admin', NULL),
	('5211776451574091419', 5336, 'FIKA NURWAHYUNI', '9/1/2000', '124951618', '1905180110', NULL, NULL, 'Super Admin', NULL),
	('5212178441574091419', 5344, 'MIFTAKHUL FAUZAN', '4/21/2001', '124951618', '1905180110', NULL, NULL, 'Super Admin', NULL),
	('5215470791587799715', 4191, 'ISTIANA', '2/5/2002', '94774840', '708534124', NULL, NULL, 'Super Admin', NULL),
	('5217945841587799671', 4123, 'MAHENDRIK PRASETYO', '1/17/2002', '790596259', '708534124', NULL, NULL, 'Super Admin', NULL),
	('5231477001587796938', 3745, 'FARIH NUR ASHFIA', '15/07/2002', '1139002976', '708534124', NULL, NULL, 'Super Admin', NULL),
	('5277283231587799534', 3942, 'HARBANI RASAF TRISNADI', '22/12/2002', '1377224524', '708534124', NULL, NULL, 'Super Admin', NULL),
	('5305833811587799671', 4114, 'ERIKA RAHMASARI', '3/8/2002', '790596259', '708534124', NULL, NULL, 'Super Admin', NULL),
	('5316958451587799506', 3814, 'FAJAR TRI YUNIANTO', '17/06/2002', '1814396759', '708534124', NULL, NULL, 'Super Admin', NULL),
	('5337623461587799489', 3779, 'Danie Fajrianto', '15/12/2001', '637829977', '708534124', NULL, NULL, 'Super Admin', NULL),
	('5360800531587799686', 4151, 'FAJAR FAROQI', '3/3/2003', '1270758044', '708534124', NULL, NULL, 'Super Admin', NULL),
	('5421830221587799686', 4152, 'FIFIAN PANGESTIKA', '10/17/2001', '1270758044', '708534124', NULL, NULL, 'Super Admin', NULL),
	('5440066461587799506', 3820, 'IMAM NAWAWI', '18/11/2001', '1814396759', '708534124', NULL, NULL, 'Super Admin', NULL),
	('5456600821587799686', 4175, 'UMI DWI PRILIA', '4/28/2001', '1270758044', '708534124', NULL, NULL, 'Super Admin', NULL),
	('5489991121587796938', 3763, 'RIZKY SETIAWAN', '31/10/2001', '1139002976', '708534124', NULL, NULL, 'Super Admin', NULL),
	('5564327191587799715', 4179, 'ALFIAH EKA WAHYU NUR AZDANI', '8/15/2002', '94774840', '708534124', NULL, NULL, 'Super Admin', NULL),
	('5572365201587799639', 4060, 'RIKO PRASETYO', '08/03/2001', '1698753116', '708534124', NULL, NULL, 'Super Admin', NULL),
	('5577678891587799562', 3964, 'ALWI NUR SA\'BAN', '24/10/2002', '351034431', '708534124', NULL, NULL, 'Super Admin', NULL),
	('5583879291587799785', 4353, 'TRI AGUSTIN', '8/3/2002', '1702684754', '708534124', NULL, NULL, 'Super Admin', NULL),
	('5590776571587796938', 3746, 'FEBY NUR ARYANTI', '01/02/2002', '1139002976', '708534124', NULL, NULL, 'Super Admin', NULL),
	('5608654651587799653', 4073, 'ANGGI PRADIKA', '05/10/2001', '578888240', '708534124', NULL, NULL, 'Super Admin', NULL),
	('5648712311587799686', 4143, 'AHMAD ALFIN SAPUTRA', '5/20/2002', '1270758044', '708534124', NULL, NULL, 'Super Admin', NULL),
	('5651235751587799534', 3945, 'KHASAN AFANDI', '29/06/2002', '1377224524', '708534124', NULL, NULL, 'Super Admin', NULL),
	('5668168491587799626', 4029, 'SYAIFUL ROKHMAN', '30/01/2002', '815157090', '708534124', NULL, NULL, 'Super Admin', NULL),
	('5671255471587799534', 3929, 'ANDI SAPUTRA', '11/12/2002', '1377224524', '708534124', NULL, NULL, 'Super Admin', NULL),
	('5724781241574091418', 5327, 'ARI SULISTIYANI', '6/26/2001', '124951618', '1905180110', NULL, NULL, 'Super Admin', NULL),
	('5739825511587799728', 4217, 'ARGO TRIONO', '8/3/2002', '1333275141', '708534124', NULL, NULL, 'Super Admin', NULL),
	('5778891851587799626', 3997, 'ADAM HALAIKAL', '14/11/2000', '815157090', '708534124', NULL, NULL, 'Super Admin', NULL),
	('5846086981587799489', 3797, 'RIZKI ADI CHAERULLAH', '28/02/2002', '637829977', '708534124', NULL, NULL, 'Super Admin', NULL),
	('5848362021587796938', 3769, 'VICTOR ABDULLAH', '15/10/2001', '1139002976', '708534124', NULL, NULL, 'Super Admin', NULL),
	('5872820271587799817', 3890, 'DIANA FAIQOH', '11/16/2002', '208990928', '708534124', NULL, NULL, 'Super Admin', NULL),
	('588256111587799728', 4238, 'REFI MARISKA', '4/18/2003', '1333275141', '708534124', NULL, NULL, 'Super Admin', NULL),
	('5892821331574091419', 5355, 'SUSI AMELIA', '9/28/2001', '124951618', '1905180110', NULL, NULL, 'Super Admin', NULL),
	('5903894761587799785', 4324, 'ALVIAN PRASETYO', '9/22/2001', '1702684754', '708534124', NULL, NULL, 'Super Admin', NULL),
	('5911684521587799686', 4174, 'TRI HERMAWAN WIRAYUDHA', '9/14/2002', '1270758044', '708534124', NULL, NULL, 'Super Admin', NULL),
	('5989604351587796938', 3767, 'SOVIYANTI PUJI ASTUTI', '23/03/2000', '1139002976', '708534124', NULL, NULL, 'Super Admin', NULL),
	('5991945651574091419', 5339, 'HENY WIDYA ASTUTI', '7/25/2003', '124951618', '1905180110', NULL, NULL, 'Super Admin', NULL),
	('5993275761587799817', 3885, 'ANGGUN PUJIANA', '9/17/2002', '208990928', '708534124', NULL, NULL, 'Super Admin', NULL),
	('6046439311587796938', 3753, 'KHABIB ANGGORO PRATAMA FIRMANSYAH', '25/03/2002', '1139002976', '708534124', NULL, NULL, 'Super Admin', NULL),
	('6072328221587799686', 4157, 'KURNIA NUR ALIF YULIASTI', '7/6/2002', '1270758044', '708534124', NULL, NULL, 'Super Admin', NULL),
	('6100296081587799534', 3927, 'ALDA RAMANDHIKA', '18/05/2001', '1377224524', '708534124', NULL, NULL, 'Super Admin', NULL),
	('6278820051587799772', 4312, 'RESTI LISTIANINGSIH', '6/15/2002', '140848804', '708534124', NULL, NULL, 'Super Admin', NULL),
	('627980591587799817', 3899, 'HASNA NUR HANIFAH', '1/22/2002', '208990928', '708534124', NULL, NULL, 'Super Admin', NULL),
	('6284644821587799671', 4133, 'SINTA WIDI RAHAYU', '9/5/2002', '790596259', '708534124', NULL, NULL, 'Super Admin', NULL),
	('6320849621587799716', 4209, 'TRI FEBRIANI NUR FADILAH', '2/28/2002', '94774840', '708534124', NULL, NULL, 'Super Admin', NULL),
	('6343560181587799817', 3922, 'VICKI OKTAVIYANTARI', '10/15/2001', '208990928', '708534124', NULL, NULL, 'Super Admin', NULL),
	('6349855241587799801', 3863, 'LUTFI FAUZIAH', '7/23/2003', '773257322', '708534124', NULL, NULL, 'Super Admin', NULL),
	('6394139641587799772', 4306, 'LUSI MAULINA', '1/25/2002', '140848804', '708534124', NULL, NULL, 'Super Admin', NULL),
	('6440736951587799506', 3819, 'ICHWAN LUTFIANTORO', '18/10/2001', '1814396759', '708534124', NULL, NULL, 'Super Admin', NULL),
	('646416191587799728', 4222, 'EVI NUR AZIZAH', '12/23/2002', '1333275141', '708534124', NULL, NULL, 'Super Admin', NULL),
	('6475576741587799653', 4091, 'Maulanna Asyidiqie', '18/07/2001', '578888240', '708534124', NULL, NULL, 'Super Admin', NULL),
	('6481657491587799715', 4178, 'ALDION SABDO AJI', '10/12/2001', '94774840', '708534124', NULL, NULL, 'Super Admin', NULL),
	('6528356731587799506', 3817, 'GITA HIDHAYAH NUR LATIFAH', '28/05/2002', '1814396759', '708534124', NULL, NULL, 'Super Admin', NULL),
	('6534503891587799534', 3959, 'YAHYA KURNIAWAN', '28/02/2002', '1377224524', '708534124', NULL, NULL, 'Super Admin', NULL),
	('6590644261587796938', 3754, 'KYKO RAMADHAN', '04/12/2001', '1139002976', '708534124', NULL, NULL, 'Super Admin', NULL),
	('6624589031587799653', 4099, 'SIGIT CAHYANTO', '12/06/2002', '578888240', '708534124', NULL, NULL, 'Super Admin', NULL),
	('6657309071587799801', 3880, 'TIKA CATURINI', '5/2/2002', '773257322', '708534124', NULL, NULL, 'Super Admin', NULL),
	('666302171587799686', 4165, 'RAHITA IKA DERA', '12/7/2001', '1270758044', '708534124', NULL, NULL, 'Super Admin', NULL),
	('6677707471587799817', 3908, 'NANI NUR FAIDAH', '2/10/2002', '208990928', '708534124', NULL, NULL, 'Super Admin', NULL),
	('6677740971587796938', 3766, 'SOLEH NUR ALIM AL-MAJID', '16/12/2002', '1139002976', '708534124', NULL, NULL, 'Super Admin', NULL),
	('6689577831587799639', 4056, 'MUHAMAD AKBAR NURDIANSYAH', '21/02/2002', '1698753116', '708534124', NULL, NULL, 'Super Admin', NULL),
	('6779422501587799801', 3866, 'MIA HARDIANI', '5/25/2001', '773257322', '708534124', NULL, NULL, 'Super Admin', NULL),
	('6791434231587796938', 3760, 'PRADANA ROSIANA DEWI', '20/09/2002', '1139002976', '708534124', NULL, NULL, 'Super Admin', NULL),
	('6800274811587799749', 4283, 'VANIA AGUSTIANI', '8/11/2002', '27982147', '708534124', NULL, NULL, 'Super Admin', NULL),
	('6839808881587799728', 4245, 'TOMI YULIYANTO', '7/10/1999', '1333275141', '708534124', NULL, NULL, 'Super Admin', NULL),
	('6858831121587799626', 4016, 'ILHAM RAMADHAN', '22/11/2001', '815157090', '708534124', NULL, NULL, 'Super Admin', NULL),
	('6863349831587799686', 4148, 'DIKA ARTHA TRISANDI', '4/17/2000', '1270758044', '708534124', NULL, NULL, 'Super Admin', NULL),
	('6880635991587799562', 3991, 'SLAMET WAHYUDI', '17/09/2001', '351034431', '708534124', NULL, NULL, 'Super Admin', NULL),
	('6883806911587799801', 3873, 'SEFIA WARDANA', '9/22/2002', '773257322', '708534124', NULL, NULL, 'Super Admin', NULL),
	('6908832161587799686', 4150, 'ERNI SASMITA', '11/13/2002', '1270758044', '708534124', NULL, NULL, 'Super Admin', NULL),
	('6919083781587799671', 4119, 'INDAH PUTRI NURAENI', '3/30/2002', '790596259', '708534124', NULL, NULL, 'Super Admin', NULL),
	('6960549821587796938', 3750, 'IDKHA AFRIZAL SYAIFULLOH', '14/02/2002', '1139002976', '708534124', NULL, NULL, 'Super Admin', NULL),
	('6989866211587799626', 4032, 'YUDISTIRA ALDILIANTO', '30/07/2001', '815157090', '708534124', NULL, NULL, 'Super Admin', NULL),
	('7004928851587799772', 4303, 'INDRI SAFITRI', '10/30/2002', '140848804', '708534124', NULL, NULL, 'Super Admin', NULL),
	('7074129831587799817', 3892, 'DIYAH AYU IROWATI', '11/1/2002', '208990928', '708534124', NULL, NULL, 'Super Admin', NULL),
	('7083041791587796938', 3761, 'RANGGITA AMERDILA SETYANINGTYAS', '28/03/2002', '1139002976', '708534124', NULL, NULL, 'Super Admin', NULL),
	('710749271587799626', 4024, 'RIJAL KHAMAMI', '04/02/2002', '815157090', '708534124', NULL, NULL, 'Super Admin', NULL),
	('7120478241587799489', 3773, 'AJI SUPRIANTO', '28/07/2002', '637829977', '708534124', NULL, NULL, 'Super Admin', NULL),
	('7138918801587799749', 4260, 'FITRI FIDIA ASTUTI', '11/8/2001', '27982147', '708534124', NULL, NULL, 'Super Admin', NULL),
	('7148063841587799686', 4155, 'IRMA INDHI YUNITA', '6/5/2002', '1270758044', '708534124', NULL, NULL, 'Super Admin', NULL),
	('7181822761587799728', 4246, 'TRIANI', '8/17/2001', '1333275141', '708534124', NULL, NULL, 'Super Admin', NULL),
	('7193576631574091418', 5332, 'FAIZ AL QORNI', '11/11/1999', '124951618', '1905180110', NULL, NULL, 'Super Admin', NULL),
	('7218832781587799772', 4307, 'MELIYANA NUR SAPUTRI', '3/18/2002', '140848804', '708534124', NULL, NULL, 'Super Admin', NULL),
	('7284787721587799671', 4108, 'AMRI NUR ARDIKA', '8/2/2002', '790596259', '708534124', NULL, NULL, 'Super Admin', NULL),
	('7293924481587799489', 3775, 'AMANDA NOVITA SETIANI', '01/11/2002', '637829977', '708534124', NULL, NULL, 'Super Admin', NULL),
	('730835761587799671', 4115, 'FAIS RUBIYANTO', '7/3/2002', '790596259', '708534124', NULL, NULL, 'Super Admin', NULL),
	('735873191587799639', 4062, 'SADAM SUSENO', '27/06/2001', '1698753116', '708534124', NULL, NULL, 'Super Admin', NULL),
	('7401191981587799817', 3923, 'VIKA RAHAYU IMANINGTYAS', '7/5/2002', '208990928', '708534124', NULL, NULL, 'Super Admin', NULL),
	('7403801891587799801', 3859, 'ISMA AGUS PRIYANI', '8/1/2002', '773257322', '708534124', NULL, NULL, 'Super Admin', NULL),
	('7526731871587799562', 3993, 'SUJUD SETIO DHARMA', '25/02/2001', '351034431', '708534124', NULL, NULL, 'Super Admin', NULL),
	('7582034871587799772', 4313, 'RISKA PUSPITARINI', '12/26/2001', '140848804', '708534124', NULL, NULL, 'Super Admin', NULL),
	('7605912251587799562', 3966, 'ANJAR NUR RAHMAWAN', '08/11/2002', '351034431', '708534124', NULL, NULL, 'Super Admin', NULL),
	('7638189651587799562', 3990, 'RUDI RIYANTO', '10/03/2002', '351034431', '708534124', NULL, NULL, 'Super Admin', NULL),
	('7659421511587799626', 4002, 'ANJAS SUHENDRA KUSNADI', '28/04/2002', '815157090', '708534124', NULL, NULL, 'Super Admin', NULL),
	('7667913971587799749', 4263, 'IKHWANUL AMIN MA\'RUF', '12/25/2000', '27982147', '708534124', NULL, NULL, 'Super Admin', NULL),
	('7778011621587799817', 3887, 'APRILIA ANDRIANI SURYANINGTYAS', '4/22/2001', '208990928', '708534124', NULL, NULL, 'Super Admin', NULL),
	('7783141651587799506', 3843, 'ZAHRUL UTAMA', '03/09/2002', '1814396759', '708534124', NULL, NULL, 'Super Admin', NULL),
	('778756141587799671', 4140, 'YUSNIA LESTARI', '7/26/2002', '790596259', '708534124', NULL, NULL, 'Super Admin', NULL),
	('7833641861587799671', 4116, 'FATIMATUN NADEVI', '3/4/2002', '790596259', '708534124', NULL, NULL, 'Super Admin', NULL),
	('7838176711587799686', 4162, 'NURAENI SETYANINGRUM', '4/2/2002', '1270758044', '708534124', NULL, NULL, 'Super Admin', NULL),
	('7914731481587799749', 4275, 'SANDRA KUSUMAWATI', '8/27/2002', '27982147', '708534124', NULL, NULL, 'Super Admin', NULL),
	('7923852651587799716', 4197, 'NURFUADI', '9/15/2002', '94774840', '708534124', NULL, NULL, 'Super Admin', NULL),
	('7972616491587799534', 3934, 'DADANG UTOMO', '11/01/2002', '1377224524', '708534124', NULL, NULL, 'Super Admin', NULL),
	('7997437291587799801', 3854, 'DWI MULYANI', '7/11/2002', '773257322', '708534124', NULL, NULL, 'Super Admin', NULL),
	('8006061231587799626', 4008, 'DINAR BAGUS PRATAMA', '05/03/2002', '815157090', '708534124', NULL, NULL, 'Super Admin', NULL),
	('8019725681587799534', 3960, 'ZIDAN FAHMI', '04/03/2002', '1377224524', '708534124', NULL, NULL, 'Super Admin', NULL),
	('8037002931587799639', 4068, 'YUSRIL IZA KURNIAWAN', '27/06/2001', '1698753116', '708534124', NULL, NULL, 'Super Admin', NULL),
	('8109626181587799749', 4255, 'DELLA OKTAVIANA', '10/18/2002', '27982147', '708534124', NULL, NULL, 'Super Admin', NULL),
	('8125644091574091419', 5357, 'WELLYANTO PRIA ADITAMA', '8/11/2001', '124951618', '1905180110', NULL, NULL, 'Super Admin', NULL),
	('8135407271587799671', 4125, 'NUNUK RAGIL PUTRA', '1/26/2002', '790596259', '708534124', NULL, NULL, 'Super Admin', NULL),
	('8147538731574091418', 5331, 'ERLIA', '12/20/2000', '124951618', '1905180110', NULL, NULL, 'Super Admin', NULL),
	('8180298751587799817', 3886, 'ANNISA', '11/30/2001', '208990928', '708534124', NULL, NULL, 'Super Admin', NULL),
	('8222975591587799626', 4013, 'GALIH TEGAR FERDIANSYAH', '27/07/2002', '815157090', '708534124', NULL, NULL, 'Super Admin', NULL),
	('8293900221587799785', 4330, 'DELA AGNES WIJAYANI', '8/21/2002', '1702684754', '708534124', NULL, NULL, 'Super Admin', NULL),
	('8305203471574091419', 5338, 'HENDRA SAFRIANTO', '10/31/2000', '124951618', '1905180110', NULL, NULL, 'Super Admin', NULL),
	('8335540511587799639', 4038, 'ANZAR NUR CHAFID', '17/07/2017', '1698753116', '708534124', NULL, NULL, 'Super Admin', NULL),
	('8407355611587799506', 3841, 'Yuli Gusti Pratama', '13/07/2002', '1814396759', '708534124', NULL, NULL, 'Super Admin', NULL),
	('8423337111587799817', 3915, 'SETIANINGSIH', '6/3/2001', '208990928', '708534124', NULL, NULL, 'Super Admin', NULL),
	('8450138561587796938', 3759, 'OKTA RIZKI FADHLULAH', '19/10/2002', '1139002976', '708534124', NULL, NULL, 'Super Admin', NULL),
	('8452810401587799785', 4325, 'ANNISA FITRIANA DEWI', '12/24/2001', '1702684754', '708534124', NULL, NULL, 'Super Admin', NULL),
	('8499234151587799817', 3884, 'ANA SEPTININGSIH', '9/14/2002', '208990928', '708534124', NULL, NULL, 'Super Admin', NULL),
	('858599871587799728', 4232, 'NUR AFRIANTI', '4/12/2002', '1333275141', '708534124', NULL, NULL, 'Super Admin', NULL),
	('8586043211587799716', 4210, 'UMMI AZIZAH', '3/13/2002', '94774840', '708534124', NULL, NULL, 'Super Admin', NULL),
	('8596751311574091419', 5346, 'NENTISA TRI YANUARIZKI', '1/22/2001', '124951618', '1905180110', NULL, NULL, 'Super Admin', NULL),
	('8599748321587799801', 3845, 'ANGGI PRASTIKANINGRUM', '8/24/2003', '773257322', '708534124', NULL, NULL, 'Super Admin', NULL),
	('8642681941587799489', 3778, 'AZIZ NURROHMAN', '20/07/2000', '637829977', '708534124', NULL, NULL, 'Super Admin', NULL),
	('8703269541587799534', 3957, 'TOPIK HIDAYAT', '10/03/2001', '1377224524', '708534124', NULL, NULL, 'Super Admin', NULL),
	('8774917071587799801', 3858, 'IKA SULISTIANA', '7/5/2002', '773257322', '708534124', NULL, NULL, 'Super Admin', NULL),
	('8792120431587799817', 3912, 'RINA YULIANTI', '7/11/2001', '208990928', '708534124', NULL, NULL, 'Super Admin', NULL),
	('8834081671587799534', 3932, 'AZIZ AFIFULLOH', '22/12/2002', '1377224524', '708534124', NULL, NULL, 'Super Admin', NULL),
	('8867274531587799728', 4227, 'KATRIN WULANDARI', '10/24/2002', '1333275141', '708534124', NULL, NULL, 'Super Admin', NULL),
	('8871151851587799626', 4001, 'ANDRIAN RIVALDA', '16/06/2000', '815157090', '708534124', NULL, NULL, 'Super Admin', NULL),
	('8897692151587799772', 4317, 'SHOOFIN DHIAN MUHAMMAD FIKRI', '2/14/2002', '140848804', '708534124', NULL, NULL, 'Super Admin', NULL),
	('8902833831587799785', 4329, 'BEKTI FAJAR PAMBUDI', '8/20/2001', '1702684754', '708534124', NULL, NULL, 'Super Admin', NULL),
	('8934669331587799728', 4248, 'WULAN NUR CHOTIMAH', '11/10/2002', '1333275141', '708534124', NULL, NULL, 'Super Admin', NULL),
	('8984214471587796938', 3737, 'ALI MUSTOFA', '14/01/2002', '1139002976', '708534124', NULL, NULL, 'Super Admin', NULL),
	('8996053991587799671', 4129, 'RENDHI PRADANA', '6/25/2002', '790596259', '708534124', NULL, NULL, 'Super Admin', NULL),
	('903459651587799506', 3826, 'MUHAMMAD IKSAN FEBRIYAN', '09/02/2003', '1814396759', '708534124', NULL, NULL, 'Super Admin', NULL),
	('9037601421587799728', 4231, 'NADILA DWI PUSPITA RINI', '2/19/2002', '1333275141', '708534124', NULL, NULL, 'Super Admin', NULL),
	('9042098851587799562', 3973, 'DIMAS YUSUF ANANDA', '11/09/2002', '351034431', '708534124', NULL, NULL, 'Super Admin', NULL),
	('9068542211574091419', 5343, 'LENI APRILIANI', '4/21/2001', '124951618', '1905180110', NULL, NULL, 'Super Admin', NULL),
	('9103652451587799671', 4107, 'AGUS RIYANTO', '7/14/2000', '790596259', '708534124', NULL, NULL, 'Super Admin', NULL),
	('9104568041587799639', 4041, 'BANGUN DWI PRASETYO', '28/05/2002', '1698753116', '708534124', NULL, NULL, 'Super Admin', NULL),
	('9164024521587799506', 3834, 'ROYHAN AKBAR', '21/10/2001', '1814396759', '708534124', NULL, NULL, 'Super Admin', NULL),
	('9166855301587799785', 4346, 'NURUL FAJRIYAH', '1/23/2002', '1702684754', '708534124', NULL, NULL, 'Super Admin', NULL),
	('9167609931587799728', 4219, 'DEFIRA SRI WAKHYUNINGSIH', '6/3/2002', '1333275141', '708534124', NULL, NULL, 'Super Admin', NULL),
	('9199961631587799817', 3896, 'ELZA DEVI WIRANTI', '11/16/2002', '208990928', '708534124', NULL, NULL, 'Super Admin', NULL),
	('9212868991587799562', 3967, 'ARIES ISKANDAR', '28/12/2001', '351034431', '708534124', NULL, NULL, 'Super Admin', NULL),
	('9250245361587799817', 3891, 'DINZA ANGGRAENI', '9/8/2002', '208990928', '708534124', NULL, NULL, 'Super Admin', NULL),
	('9252264521587799728', 4241, 'SEFIYAN EZA NUR HIDAYAT', '9/7/2001', '1333275141', '708534124', NULL, NULL, 'Super Admin', NULL),
	('9306224301574091419', 5345, 'NADIEFA ASHARI HARLIYANTI', '8/23/2001', '124951618', '1905180110', NULL, NULL, 'Super Admin', NULL),
	('9310388271587799671', 4122, 'LUKI INDRIASIH', '6/8/2003', '790596259', '708534124', NULL, NULL, 'Super Admin', NULL),
	('9312915781587799716', 4207, 'STARWAH DEWI NURHANA', '4/6/2002', '94774840', '708534124', NULL, NULL, 'Super Admin', NULL),
	('9327355641587799785', 4339, 'INDAH NUR HOLIMAH', '10/8/2001', '1702684754', '708534124', NULL, NULL, 'Super Admin', NULL),
	('9329558731587799562', 3976, 'FAUZI JUNIANTO', '08/06/2001', '351034431', '708534124', NULL, NULL, 'Super Admin', NULL),
	('9368069551587799671', 4139, 'YUSI MARWATI', '1/10/2002', '790596259', '708534124', NULL, NULL, 'Super Admin', NULL),
	('9386067301587799686', 4173, 'TEDDY ANGGRAIAWAN SUHARYO', '9/12/2002', '1270758044', '708534124', NULL, NULL, 'Super Admin', NULL),
	('9417914951587799626', 4021, 'MUHAMAD KHOERUL ANAM', '29/12/2001', '815157090', '708534124', NULL, NULL, 'Super Admin', NULL),
	('9420683031587799653', 4092, 'MUHAMAD ALWISYIFA', '10/09/2002', '578888240', '708534124', NULL, NULL, 'Super Admin', NULL),
	('944964921587799534', 3928, 'ALIF SYARIFUDIN', '09/04/2002', '1377224524', '708534124', NULL, NULL, 'Super Admin', NULL),
	('9483829121587799626', 4027, 'SEPTIAWAN FIRMAN DANI', '06/09/2002', '815157090', '708534124', NULL, NULL, 'Super Admin', NULL),
	('9536159151587799715', 4189, 'HENGKI SAPUTRA', '12/17/2001', '94774840', '708534124', NULL, NULL, 'Super Admin', NULL),
	('9540534441574091418', 5333, 'FATIKHATUL MANGUNAH', '1/4/2001', '124951618', '1905180110', NULL, NULL, 'Super Admin', NULL),
	('9586810851574091419', 5352, 'SAFRI YULIANI', '6/27/2001', '124951618', '1905180110', NULL, NULL, 'Super Admin', NULL),
	('9598204141587799671', 4126, 'NUR OKTAVIANI', '10/5/2002', '790596259', '708534124', NULL, NULL, 'Super Admin', NULL),
	('9605380441587799817', 3904, 'MAITSA NADA NUR\'AINI', '3/10/2002', '208990928', '708534124', NULL, NULL, 'Super Admin', NULL),
	('9666488101587799626', 4020, 'MOH YAHYA IRHAMUDIN', '26/06/2002', '815157090', '708534124', NULL, NULL, 'Super Admin', NULL),
	('9676978431587799772', 4304, 'JULIANTI', '7/15/2002', '140848804', '708534124', NULL, NULL, 'Super Admin', NULL),
	('9739840101587799749', 4254, 'DHARMAWAN BINTANG PERMANA', '9/21/2002', '27982147', '708534124', NULL, NULL, 'Super Admin', NULL),
	('9811275781574091418', 5326, 'ANUGRAH NANDA PRATAMA', '7/3/2000', '124951618', '1905180110', NULL, NULL, 'Super Admin', NULL),
	('9818636331587799801', 3846, 'ANISA SOFINATU JANAH', '10/18/2002', '773257322', '708534124', NULL, NULL, 'Super Admin', NULL),
	('985657181587796938', 3741, 'BARKAH SYA\'BANDI', '10/11/2001', '1139002976', '708534124', NULL, NULL, 'Super Admin', NULL),
	('9883210441587799749', 4273, 'RISKA AMALIA', '6/15/2002', '27982147', '708534124', NULL, NULL, 'Super Admin', NULL),
	('9949325951587799489', 3805, 'Wahyu Tri Widodo', '17/01/2001', '637829977', '708534124', NULL, NULL, 'Super Admin', NULL),
	('9994489321587799506', 3838, 'Tri Mulyati', '03/06/2002', '1814396759', '708534124', NULL, NULL, 'Super Admin', NULL),
	('9997397171587799489', 3804, 'VANES DWI AL QORNI', '07/09/2002', '637829977', '708534124', NULL, NULL, 'Super Admin', NULL);
/*!40000 ALTER TABLE `student` ENABLE KEYS */;

-- Dumping structure for table ijasah.s_year
DROP TABLE IF EXISTS `s_year`;
CREATE TABLE IF NOT EXISTS `s_year` (
  `id` varchar(10) NOT NULL,
  `year` varchar(9) NOT NULL,
  `created` timestamp NOT NULL DEFAULT CURRENT_TIMESTAMP,
  `created_by` varchar(225) NOT NULL,
  `updated` timestamp NOT NULL DEFAULT CURRENT_TIMESTAMP ON UPDATE CURRENT_TIMESTAMP,
  `updated_by` varchar(225) DEFAULT NULL,
  PRIMARY KEY (`id`)
) ENGINE=InnoDB DEFAULT CHARSET=utf8mb4;

-- Dumping data for table ijasah.s_year: ~2 rows (approximately)
DELETE FROM `s_year`;
/*!40000 ALTER TABLE `s_year` DISABLE KEYS */;
INSERT INTO `s_year` (`id`, `year`, `created`, `created_by`, `updated`, `updated_by`) VALUES
	('1905180110', '2018/2019', '2019-09-13 23:54:57', 'Super Admin', '2019-09-13 23:54:57', ''),
	('708534124', '2019/2020', '2019-09-12 23:40:19', 'Super Admin', '2019-09-12 23:40:59', 'Super Admin');
/*!40000 ALTER TABLE `s_year` ENABLE KEYS */;

-- Dumping structure for table ijasah.user
DROP TABLE IF EXISTS `user`;
CREATE TABLE IF NOT EXISTS `user` (
  `id` varchar(100) NOT NULL,
  `name` varchar(100) NOT NULL,
  `username` varchar(100) NOT NULL,
  `password` varchar(100) NOT NULL,
  `created` timestamp NOT NULL DEFAULT CURRENT_TIMESTAMP,
  `updated` timestamp NOT NULL DEFAULT CURRENT_TIMESTAMP ON UPDATE CURRENT_TIMESTAMP,
  `is_active` tinyint(1) NOT NULL DEFAULT '0',
  `id_group` int(10) NOT NULL DEFAULT '3',
  PRIMARY KEY (`id`),
  UNIQUE KEY `username` (`username`),
  UNIQUE KEY `username_3` (`username`),
  KEY `username_2` (`username`)
) ENGINE=InnoDB DEFAULT CHARSET=utf8mb4;

-- Dumping data for table ijasah.user: ~25 rows (approximately)
DELETE FROM `user`;
/*!40000 ALTER TABLE `user` DISABLE KEYS */;
INSERT INTO `user` (`id`, `name`, `username`, `password`, `created`, `updated`, `is_active`, `id_group`) VALUES
	('1053477331', 'User', 'user', '$2y$10$NHTKBpwCw.oPAtJwTBp0weetTtO08ul9/F2kyojiSNCZrzgZULJfW', '2019-10-18 03:10:57', '2019-10-18 03:10:57', 1, 3),
	('1140029943', 'Super Admin', 'superuser', '$2y$10$nMvGgHDzEuzYlL2U/wa6Dut0Exo8aq1UqpUJ0nx3AoPsZBi/gUIVq', '2019-08-26 02:33:14', '2019-08-28 02:40:22', 1, 1),
	('1253269115', 'abadabad', 'abad', '$2y$10$s8kfQs5qxtQyywxeTzCY9e4cEDGb5q81647RUDaBzuQojTmd7Wv.u', '2019-09-28 15:47:38', '2019-09-28 15:47:38', 1, 3),
	('1462828675', 'AMALIA USY SAROFI', '5323', '$2y$10$6BBYnzNIEfHpKRR.hmHXoOvXR1VB0P/gmZO4GSGujTZzd86FseVKO', '2019-11-03 14:12:15', '2019-11-14 17:16:19', 1, 3),
	('1562632149', 'sda', 'sdac', '$2y$10$E3XxfxXBs0ySwNuYOwrIZ.7bEchpxQbrlyGBJqW2fTIDKIxJHjUE6', '2019-09-11 03:24:25', '2019-09-11 03:24:25', 1, 3),
	('1633156091', 'scascas', 'acca', '$2y$10$z7S3/LSnhFqgVRLbnM0YCeVgY6R8oo9f0B7AYskqIK/obhEl/5ixy', '2019-10-13 01:04:05', '2019-10-13 01:04:05', 0, 3),
	('1655642910', 'SEPTIANA ASIH', '5354', '$2y$10$4CaeaI8hSQlTu.UlaOUJr.RVakgLA2fwCTBc1kMZfH0CNmTvcQhne', '2019-11-03 05:36:13', '2019-11-03 05:36:14', 0, 3),
	('167498779', 'luar', 'luar', '$2y$10$/OopZ63P30SYOaLu4xJzvebnJcG0MDZeqpNGXVSKtD1hCmRA1WkBm', '2019-09-18 02:20:28', '2019-09-18 02:20:28', 0, 3),
	('1717411315', 'vvsvv', 'adadada', '$2y$10$afcxQH.6gDBsG4hJyXfyUeJanYV8ZvUkENgLA.k0vB2dTDRCX4Aha', '2019-10-13 01:10:05', '2019-10-13 01:10:05', 0, 3),
	('1970842029', 'ANA ANDIKA SAPUTRI', '5324', '$2y$10$fVDPVPOlL8d12NiG5m1ZLOC4jiq9Lf7KU6b0zEAfKR2lF2Y0pGnHO', '2019-11-18 15:40:49', '2019-11-18 15:40:49', 1, 3),
	('2067316134', 'koala', 'koala', '$2y$10$UAkLhv93L5/hQy1b/6Nxlumv9C85dJn9IkAZm1IuJ2HCYEcjTqRXK', '2019-09-05 02:06:41', '2019-09-05 02:09:06', 0, 2),
	('2100117545', 'Admin User', 'admin', '$2y$10$ij1dASwU/vb/33kKk6YUi.O5AgsKFExQa/Cy3skA943lqr6lFs0FS', '2019-08-26 04:26:43', '2019-09-11 23:56:06', 1, 2),
	('262611771', 'sdfdfs', 'sadad', '$2y$10$phJvpXMPKXFVynF7fZzwaObAVDr9jrB555lFAyl4jH8C8x8wu5wwy', '2019-09-10 20:55:55', '2019-09-11 08:55:55', 1, 3),
	('297627100', 'khafidz nur huda', '1000', '$2y$10$.5dktOud04D7DmxQpoo3bONuOgb1eNP4e9sUkoL0G0cYYjU7XgPZG', '2020-04-13 06:12:07', '2020-04-13 13:12:07', 1, 3),
	('36479392', 'roni', 'roni', '$2y$10$GpBkP/ZIPq6t7uM/SO.k4.rOnd.6ewG5FeNnin360oDfi.RtRUrlC', '2019-09-03 20:31:40', '2019-09-11 03:48:51', 1, 3),
	('398093056', 'dddd', 'efwfew', '$2y$10$LO0TmrJy0u1BnddNJ2ZGQOTFldynP355MhDlWIBRjzqixJOkV9xA6', '2019-09-10 21:03:26', '2019-09-11 09:03:26', 1, 3),
	('446534374', 'cavcsasc', 'rfsdfs', '$2y$10$pmecdaQ4Riw44TNXj55GDuAxn2yI9Yq7Xb7iOCcvxBtEw0MG7XJA2', '2019-09-10 02:24:44', '2019-09-10 14:24:44', 1, 3),
	('470507575', 'abdul', 'abdul', '$2y$10$T5wiWnOr1olEPNO4mTeLHOHwwC7ggebBVuESCAxiW4VNyMa0IFkGC', '2019-09-03 20:31:29', '2020-04-28 17:12:24', 1, 3),
	('475965087', 'hssyse', 'drydydr', '$2y$10$ZYtiibLtucUJerseZtUv5uxa9xzaYMybaTo0vF72TzWw.cHKjui6a', '2019-09-06 04:31:23', '2019-09-06 04:31:23', 1, 2),
	('485761757', 'vvsvv', 'vevvv', '$2y$10$Pq1jJT5jJtriNNfvL8QHb.ze8EXBilgXw9O9fHRskrki9jsIBrvdy', '2019-10-13 01:08:59', '2019-10-13 01:08:59', 0, 3),
	('524057053', 'ssvdvs', 'aads', '$2y$10$2G1iqciTZzTyNmXPSf/P6OQJCs0ESpS799JbDz48OYns2kciCI/zq', '2019-09-11 03:50:31', '2019-09-11 03:50:31', 1, 3),
	('566510267', 'Og Dang', 'ogdang', '$2y$10$RXQ2ZBFKGKXNfSyB3P8AGO8CtySSM9Xb.gpmJHXgvqjBCaoQRKtze', '2019-08-25 21:56:11', '2019-09-05 08:27:53', 1, 2),
	('592721966', 'painem', 'apaaja', '$2y$10$cnQTEbu6Ts/L7F313WcOju9Xe.sLdl4Ym3ij/HaJDJfFywZIovi8u', '2019-09-05 00:08:24', '2019-09-05 02:09:31', 0, 2),
	('664188445', 'AMANDA NOVA SADEWI', '3738', '$2y$10$RU3cI0g3zggoCAaTnyDDceM2e54zQxALt/L0MF5NVBNVKw5xpR8Qq', '2020-04-28 00:44:40', '2020-04-28 11:34:15', 1, 3),
	('90269817', 'Paijo', 'paijo', '$2y$10$d/BjH1O/MveYaacQmj9BIuXSuMXb3F75ZQNBqW1wqzoI6rppxrLQu', '2019-08-25 23:13:08', '2019-09-03 02:50:42', 0, 3);
/*!40000 ALTER TABLE `user` ENABLE KEYS */;

/*!40101 SET SQL_MODE=IFNULL(@OLD_SQL_MODE, '') */;
/*!40014 SET FOREIGN_KEY_CHECKS=IF(@OLD_FOREIGN_KEY_CHECKS IS NULL, 1, @OLD_FOREIGN_KEY_CHECKS) */;
/*!40101 SET CHARACTER_SET_CLIENT=@OLD_CHARACTER_SET_CLIENT */;
